link;id_parcelle;code_parcelle;region;plante_reference;region_code;Azote.Dumas.g.kg;limons_grossiers;Capacite.d.Echange.Cationique..CEC..mEq.kg;Calcaire.actif..CaCO3....Methode.A.g.kg;argiles;Matieres.Organiques..Carbone.x.1.73..g.kg;Calcaire.total..CaCO3..g.kg;limons_fins;sables_fins;pH.eau.pH.units.No.unit;Capacite.d.Echange.Cationique..CEC..mEq.100.g;sables_grossiers;Carbone.organique.g.kg;Granulometrie...Pratique.de.la.decarbonatation.No.unit.No.unit;Cuivre..Cu..mg.kg;Phosphore.Olsen..P2O5..mg.kg;Cuivre.extractible.EDTA..Cu..mg.kg;Phosphore.Olsen..P2O5..g.kg;Calcaire.actif..CaCO3....Methode.B.g.kg
505-IF-095-01;505;IF-095-01;ILE-DE-FRANCE;Ble;IDF;1.25;309;120.4;Non mesure;170;20.92;4.2;175;197;8.3;12.04;145;12.09;oui;#N/A;149;#N/A;0.149;#N/A
468-IF-078-01;468;IF-078-01;ILE-DE-FRANCE;Ble;IDF;1.91;194;180.8;Non mesure;237;33.01;5.2;146;250;8.4;18.08;168;19.08;oui;#N/A;289;#N/A;0.289;#N/A
504-IF-095-02;504;IF-095-02;ILE-DE-FRANCE;Mais;IDF;1.93;180;198.3;Non mesure;279;32.80;18.7;143;292;8.7;19.83;87;18.96;oui;#N/A;257;#N/A;0.257;#N/A
144-IF-078-03;144;IF-078-03;ILE-DE-FRANCE;Mais;IDF;1.02;479;99.5;Non mesure;169;16.02;3.1;236;99;7.8;9.95;13;9.26;oui;#N/A;68;#N/A;0.068;#N/A
459-IF-078-02;459;IF-078-02;ILE-DE-FRANCE;Ble;IDF;1.83;160;198.3;53.8;266;29.88;143.8;115;143;8.4;19.83;172;17.27;oui;#N/A;109;#N/A;0.109;#N/A
516-IF-091-02;516;IF-091-02;ILE-DE-FRANCE;Ble;IDF;1.22;455;114.7;Non mesure;187;19.76;2.1;268;57;7.6;11.47;31;11.42;oui;#N/A;70;#N/A;0.070;#N/A
511-IF-095-03;511;IF-095-03;ILE-DE-FRANCE;Ble;IDF;1.23;486;119.2;Non mesure;209;19.13;7.3;233;57;8.1;11.92;8;11.06;oui;#N/A;138;#N/A;0.138;#N/A
512-IF-091-03;512;IF-091-03;ILE-DE-FRANCE;Mais;IDF;0.98;475;92.5;Non mesure;155;15.17;3.1;301;46;8.2;9.25;20;8.77;oui;#N/A;159;#N/A;0.159;#N/A
147-IF-091-01;147;IF-091-01;ILE-DE-FRANCE;Ble;IDF;1.69;371;177.3;Non mesure;256;27.04;18.7;289;25;8.6;17.73;40;15.63;oui;#N/A;50;#N/A;0.050;#N/A
284-PIC20;284;PIC 20;HAUTS-DE-FRANCE;Ble;HDF;1.48;427;88.9;Non mesure;123;23.37;2.1;325;90;7.7;8.89;33;13.51;oui;#N/A;64;#N/A;0.064;#N/A
412-PIC15;412;PIC 15;HAUTS-DE-FRANCE;Ble;HDF;1.10;286;85.0;Non mesure;120;16.63;4.2;148;408;7.6;8.50;35;9.61;oui;#N/A;107;#N/A;0.107;#N/A
253-PIC28;253;PIC 28;HAUTS-DE-FRANCE;Salade;HDF;2.54;228;152.2;141.3;177;40.43;329.5;156;46;8.2;15.22;63;23.37;oui;13.8;103;2.36;0.103;145.0
532-61500-CA61-01;532;61500-CA61-01;NORMANDIE;Mais;NOR;1.72;463;122.3;Non mesure;198;26.52;3.1;271;53;6.9;12.23;12;15.33;oui;#N/A;37;#N/A;0.037;#N/A
533-61500-CA61-02;533;61500-CA61-02;NORMANDIE;Ble;NOR;2.48;145;109.4;Non mesure;170;31.09;Non mesure;335;73;6.3;10.94;276;17.97;oui;#N/A;115;#N/A;0.115;#N/A
359-PACA-10;359;PACA-10;PROVENCE-ALPES-COTE D'AZUR;Vigne;PACA;1.10;49;78.6;30.0;122;19.57;126.3;76;286;8.4;7.86;339;11.31;oui;261.9;53;86.18;0.053;#N/A
360-PACA-11;360;PACA-11;PROVENCE-ALPES-COTE D'AZUR;Vigne;PACA;0.98;61;107.7;12.5;199;12.47;77.3;94;193;8.5;10.77;376;7.21;oui;184.2;75;46.14;0.075;#N/A
367-PACA-09;367;PACA-09;PROVENCE-ALPES-COTE D'AZUR;Vigne;PACA;1.04;65;101.0;28.8;163;17.40;128.2;99;228;8.5;10.10;315;10.06;oui;113.8;41;31.38;0.041;#N/A
363-PACA-12;363;PACA-12;PROVENCE-ALPES-COTE D'AZUR;Vigne;PACA;1.36;40;145.5;22.5;259;25.28;253.7;120;86;8.5;14.55;241;14.61;oui;94.3;50;21.93;0.050;#N/A
361-PACA-13;361;PACA-13;PROVENCE-ALPES-COTE D'AZUR;Vigne;PACA;1.79;60;164.3;13.8;290;30.40;53.1;144;147;8.2;16.43;306;17.57;oui;83.1;227;21.10;0.227;#N/A
211-55317;211;55317;GRAND-EST;Ble;G-E;2.36;370;192.5;Non mesure;246;34.58;6.2;317;45;7.7;19.25;16;19.99;oui;#N/A;54;#N/A;0.054;#N/A
472-MP-GA-LAU-V1;472;MP_GA_LAU_V1;OCCITANIE;Vigne;OCC;1.11;97;104.3;Non mesure;150;26.57;3.1;123;285;7.0;10.43;342;15.36;oui;#N/A;73;#N/A;0.073;#N/A
182-MP-GA-LAU-V3;182;MP_GA_LAU_V3;OCCITANIE;Vigne;OCC;0.90;266;76.5;Non mesure;158;16.24;2.1;266;160;7.7;7.65;148;9.39;oui;#N/A;58;#N/A;0.058;#N/A
479-MP-GA-LAU-V2;479;MP_GA_LAU_V2;OCCITANIE;Vigne;OCC;1.63;9;127.7;156.3;213;29.17;741.5;24;6;8.3;12.77;5;16.86;Oui;#N/A;88;#N/A;0.088;350.0
477-MP-GA-LAU-B1;477;MP_GA_LAU_B1;OCCITANIE;Ble;OCC;1.19;128;203.0;16.3;333;16.30;57.3;157;173;8.1;20.30;151;9.42;oui;#N/A;27;#N/A;0.027;#N/A
481-MP-GA-LAU-B3;481;MP_GA_LAU_B3;OCCITANIE;Ble;OCC;1.24;279;83.2;Non mesure;179;20.97;Non mesure;276;176;6.7;8.32;91;12.12;oui;#N/A;21;#N/A;0.021;#N/A
473-MP-GA-LAU-B2;473;MP_GA_LAU_B2;OCCITANIE;Ble;OCC;1.01;144;108.6;Non mesure;196;13.13;4.2;159;304;7.9;10.86;194;7.59;oui;#N/A;32;#N/A;0.032;#N/A
545-CENTRE-42;545;centre-42;CENTRE-VAL DE LOIRE;Salade;CVL;2.23;167;132.5;Non mesure;127;37.59;7.3;153;173;8.1;13.25;374;21.73;oui;9.5;172;1.82;0.172;#N/A
222-PDL-27;222;PDL-27;PAYS DE LOIRE;Vigne;PDL;0.70;98;56.5;Non mesure;94;10.64;2.1;125;102;6.9;5.65;580;6.15;oui;81.7;53;36.88;0.053;#N/A
310-12ENICA52002;310;12ENICA52002;GRAND-EST;Ble;G-E;1.58;223;130.9;Non mesure;240;22.97;Non mesure;344;150;5.8;13.09;43;13.28;oui;#N/A;47;#N/A;0.047;#N/A
209-55272;209;55272;GRAND-EST;Ble;G-E;1.97;252;166.0;Non mesure;315;29.22;2.1;311;40;7.1;16.60;80;16.89;oui;#N/A;61;#N/A;0.061;#N/A
237-CE-38-45MC;237;CE-38/45 MC;CENTRE-VAL DE LOIRE;Salade;CVL;0.88;114;54.6;Non mesure;79;20.12;3.1;174;97;7.5;5.46;532;11.63;oui;<8;99;1.16;0.099;#N/A
041-CE-39-45MC;41;CE-39/45 MC;CENTRE-VAL DE LOIRE;Salade;CVL;0.90;89;88.8;Non mesure;119;17.75;3.1;123;180;7.2;8.88;485;10.26;oui;15.5;159;5.45;0.159;#N/A
100-CENTRE-32;100;Centre-32;CENTRE-VAL DE LOIRE;Ble;CVL;1.80;499;133.2;Non mesure;153;29.15;10.4;270;41;8.1;13.32;28;16.85;oui;#N/A;143;#N/A;0.143;#N/A
027-CENTRE-34;27;Centre-34;CENTRE-VAL DE LOIRE;Mais;CVL;1.15;462;95.3;Non mesure;132;17.94;3.1;271;53;6.4;9.53;79;10.37;oui;#N/A;79;#N/A;0.079;#N/A
097-CENTRE-35;97;Centre-35;CENTRE-VAL DE LOIRE;Ble;CVL;1.60;314;182.2;41.3;242;24.44;188.6;211;25;8.2;18.22;19;14.13;oui;#N/A;44;#N/A;0.044;#N/A
106-CENTRE-36;106;Centre-36;CENTRE-VAL DE LOIRE;Ble;CVL;1.57;336;97.7;Non mesure;193;30.97;5.2;271;101;7.6;9.77;94;17.90;oui;#N/A;84;#N/A;0.084;#N/A
188-CENTRE-31;188;Centre-31;CENTRE-VAL DE LOIRE;Ble;CVL;1.37;405;126.3;Non mesure;195;21.00;2.1;302;35;7.1;12.63;60;12.14;oui;#N/A;21;#N/A;0.021;#N/A
019-CENTRE-30;19;Centre-30;CENTRE-VAL DE LOIRE;Ble;CVL;1.34;299;166.0;Non mesure;253;20.15;Non mesure;256;73;5.9;16.60;117;11.65;oui;#N/A;179;#N/A;0.179;#N/A
028-CENTRE-33;28;Centre-33;CENTRE-VAL DE LOIRE;Mais;CVL;1.19;446;114.6;Non mesure;190;18.49;Non mesure;318;23;6.5;11.46;19;10.69;oui;#N/A;102;#N/A;0.102;#N/A
549-DPT28-CENTRE-46;549;Dpt28-Centre-46;CENTRE-VAL DE LOIRE;Ble;CVL;1.41;450;147.6;Non mesure;204;24.31;4.2;312;23;7.5;14.76;6;14.05;oui;#N/A;76;#N/A;0.076;#N/A
427-27079-LEGTACHAMBRAY-01;427;27079 - LEGTA Chambray - 01;NORMANDIE;Ble;NOR;2.42;387;163.7;Non mesure;198;37.45;4.2;297;68;7.6;16.37;47;21.65;oui;#N/A;69;#N/A;0.069;#N/A
419-27079-LEGTACHAMBRAY-02;419;27079 - LEGTA Chambray - 02;NORMANDIE;Ble;NOR;1.42;428;90.2;Non mesure;113;21.52;3.1;286;86;7.3;9.02;84;12.44;oui;#N/A;51;#N/A;0.051;#N/A
556-27079-LEGTACHAMBRAY-04;556;27079  - LEGTA Chambray - 04;NORMANDIE;Ble;NOR;2.32;327;88.0;Non mesure;100;37.16;Non mesure;233;158;6.4;8.80;178;21.48;oui;#N/A;92;#N/A;0.092;#N/A
888-27079-LEGTACHAMBRAY-05;888;27079  - LEGTA Chambray - 05;NORMANDIE;Ble;NOR;1.09;411;77.2;Non mesure;113;17.89;2.1;269;106;6.9;7.72;99;10.34;oui;#N/A;42;#N/A;0.042;#N/A
232-27079-LEGTACHAMBRAY-03;232;27079 - LEGTA Chambray - 03;NORMANDIE;Salade;NOR;2.43;343;119.2;Non mesure;121;41.04;3.1;266;105;7.4;11.92;162;23.72;oui;#N/A;136;#N/A;0.136;#N/A
262-CENTRE-18-4-FA;262;CENTRE-18-4-Fa;CENTRE-VAL DE LOIRE;Mais;CVL;2.62;28;76.7;182.5;29;40.88;862.0;27;27;8.6;7.67;28;23.63;oui;#N/A;24;#N/A;0.024;405.0
487-CENTRE-18-1-OM;487;CENTRE-18-1-Om;CENTRE-VAL DE LOIRE;Ble;CVL;3.49;82;182.8;33.8;298;36.21;135.2;157;52;8.4;18.28;275;20.93;oui;#N/A;103;#N/A;0.103;#N/A
221-CENTRE-18-5-LE;221;CENTRE-18-5-Le;CENTRE-VAL DE LOIRE;Ble;CVL;2.12;157;202.8;Non mesure;356;27.77;11.5;240;48;8.2;20.28;187;16.05;oui;#N/A;246;#N/A;0.246;#N/A
194-CENTRE-18-2-CO;194;CENTRE-18-2-Co;CENTRE-VAL DE LOIRE;Ble;CVL;2.52;45;124.2;Non mesure;201;20.45;3.1;99;75;7.0;12.42;577;11.82;oui;#N/A;36;#N/A;0.036;#N/A
193-CENTRE-18-3-MA;193;CENTRE-18-3-Ma;CENTRE-VAL DE LOIRE;Ble;CVL;1.46;239;151.5;Non mesure;236;20.22;4.2;341;52;7.5;15.15;128;11.69;oui;#N/A;148;#N/A;0.148;#N/A
305-AQ-021;305;AQ-021;NOUVELLE-AQUITAINE;Mais;N-A;0.94;118;111.8;58.4;242;13.08;210.4;132;113;8.6;11.18;184;7.56;oui;#N/A;40;#N/A;0.040;#N/A
022-AQ-023;22;AQ-023;NOUVELLE-AQUITAINE;Mais;N-A;1.85;179;236.6;23.4;412;20.05;57.2;290;49;8.3;23.66;13;11.59;oui;#N/A;132;#N/A;0.132;#N/A
306-AQ-020;306;AQ-020;NOUVELLE-AQUITAINE;Ble;N-A;1.09;149;141.1;Non mesure;243;14.26;11.4;180;193;8.2;14.11;224;8.24;oui;#N/A;92;#N/A;0.092;#N/A
339-AQ-022;339;AQ-022;NOUVELLE-AQUITAINE;Mais;N-A;0.69;7;51.1;Non mesure;12;24.83;2.1;17;41;7.4;5.11;921;14.35;oui;#N/A;92;#N/A;0.092;#N/A
297-AQ-039;297;AQ-039;NOUVELLE-AQUITAINE;Vigne;N-A;1.67;48;112.0;12.3;192;35.57;31.1;66;96;8.2;11.20;567;20.56;oui;79.9;32;22.49;0.032;#N/A
563-AQ-042;563;AQ-042;NOUVELLE-AQUITAINE;Salade;N-A;1.05;259;111.9;13.9;219;14.88;44.7;309;159;8.6;11.19;11;8.60;oui;23.1;27;3.39;0.027;#N/A
325-AQ-007;325;AQ-007;NOUVELLE-AQUITAINE;Vigne;N-A;0.69;32;39.8;Non mesure;35;18.04;4.2;29;189;8.1;3.98;712;10.43;oui;28.1;45;13.52;0.045;#N/A
205-50760-SILEBAN-03;205;50760-SILEBAN-03;NORMANDIE;Ble;NOR;1.05;416;62.3;Non mesure;94;15.33;2.1;173;203;6.8;6.23;112;8.86;oui;#N/A;161;#N/A;0.161;#N/A
207-50330-SILEBAN-01;207;50330-SILEBAN-01;NORMANDIE;Salade;NOR;1.02;421;64.6;Non mesure;93;15.74;2.1;177;192;6.5;6.46;115;9.10;oui;<8;123;2.33;0.123;#N/A
423-FC05CHOYE;423;FC05 CHOYE;BOURGOGNE-FRANCHE-COMTE;Ble;BFC;3.23;94;298.6;33.8;667;23.68;46.7;178;8;7.9;29.86;6;13.69;oui;#N/A;54;#N/A;0.054;#N/A
402-FC07GEVRY;402;FC07 GEVRY;BOURGOGNE-FRANCHE-COMTE;Mais;BFC;2.47;134;212.1;91.3;401;29.62;213.6;229;16;8.5;21.21;5;17.12;oui;#N/A;43;#N/A;0.043;#N/A
401-FC09MARNAY;401;FC09 MARNAY;BOURGOGNE-FRANCHE-COMTE;Ble;BFC;1.25;244;118.4;Non mesure;304;16.14;2.1;352;58;7.0;11.84;39;9.33;oui;#N/A;17;#N/A;0.017;#N/A
398-FC12VADANS;398;FC12 VADANS;BOURGOGNE-FRANCHE-COMTE;Mais;BFC;0.85;286;63.1;Non mesure;139;12.27;<2;277;209;6.8;6.31;88;7.09;oui;#N/A;13;#N/A;0.013;#N/A
414-FC08CHEMIN;414;FC08 CHEMIN;BOURGOGNE-FRANCHE-COMTE;Mais;BFC;0.99;357;71.4;Non mesure;133;14.38;2.1;323;107;6.7;7.14;79;8.31;oui;#N/A;65;#N/A;0.065;#N/A
425-FC06THERVAY;425;FC06 THERVAY;BOURGOGNE-FRANCHE-COMTE;Mais;BFC;1.22;308;92.6;Non mesure;186;19.86;17.7;350;88;8.4;9.26;50;11.48;oui;#N/A;83;#N/A;0.083;#N/A
415-FC10TAVAUX;415;FC10 TAVAUX;BOURGOGNE-FRANCHE-COMTE;Ble;BFC;2.38;192;315.3;Non mesure;486;23.01;5.2;231;50;7.9;31.53;36;13.30;oui;#N/A;59;#N/A;0.059;#N/A
422-FC04VALAY;422;FC04 VALAY;BOURGOGNE-FRANCHE-COMTE;Mais;BFC;2.13;235;193.4;Non mesure;390;18.94;4.2;294;34;7.7;19.34;41;10.95;oui;#N/A;53;#N/A;0.053;#N/A
421-FC03AUTHUME;421;FC03 AUTHUME;BOURGOGNE-FRANCHE-COMTE;Mais;BFC;1.13;357;99.8;Non mesure;186;15.43;2.1;403;35;7.0;9.98;17;8.92;oui;#N/A;35;#N/A;0.035;#N/A
245-PDL-33;245;PDL-33;PAYS DE LOIRE;Ble;PDL;3.87;81;239.5;Non mesure;563;35.86;8.3;295;24;7.6;23.95;29;20.73;oui;#N/A;150;#N/A;0.150;#N/A
135-PDL-28;135;PDL-28;PAYS DE LOIRE;Mais;PDL;1.51;258;87.7;Non mesure;194;23.37;4.2;243;100;7.5;8.77;200;13.51;oui;#N/A;162;#N/A;0.162;#N/A
169-PDL-31;169;PDL-31;PAYS DE LOIRE;Ble;PDL;1.41;297;93.6;Non mesure;205;18.75;4.2;243;110;8.0;9.36;141;10.84;oui;#N/A;185;#N/A;0.185;#N/A
248-PDL-32;248;PDL-32;PAYS DE LOIRE;Ble;PDL;2.97;241;146.2;33.8;266;42.59;189.9;212;44;8.4;14.62;47;24.62;oui;#N/A;109;#N/A;0.109;#N/A
173-PDL-29;173;PDL-29;PAYS DE LOIRE;Mais;PDL;2.18;244;161.8;Non mesure;353;28.22;4.2;247;62;7.8;16.18;91;16.31;oui;#N/A;239;#N/A;0.239;#N/A
246-PDL-30;246;PDL-30;PAYS DE LOIRE;Mais;PDL;8.36;131;291.7;Non mesure;468;81.98;18.7;275;45;7.4;29.17;62;47.39;oui;#N/A;388;#N/A;0.388;#N/A
346-AQ-009;346;AQ-009;NOUVELLE-AQUITAINE;Vigne;N-A;1.01;233;63.3;Non mesure;110;19.51;Non mesure;201;111;6.8;6.33;344;11.28;oui;32.3;28;2.95;0.028;#N/A
014-12ENICA52004;14;12ENICA52004;GRAND-EST;Mais;G-E;2.38;205;143.4;Non mesure;234;37.51;2.1;401;139;6.9;14.34;19;21.68;oui;#N/A;195;#N/A;0.195;#N/A
113-12ENICA10003;113;12ENICA10003;GRAND-EST;Ble;G-E;1.73;86;77.7;166.3;91;28.99;736.4;55;13;8.2;7.77;19;16.76;oui;#N/A;63;#N/A;0.063;437.0
202-12ENICA10002;202;12ENICA10002;GRAND-EST;Ble;G-E;2.24;92;116.8;178.8;147;39.12;566.4;90;20;8.1;11.68;85;22.61;oui;#N/A;85;#N/A;0.085;221.5
285-12ENICA52005;285;12ENICA52005;GRAND-EST;Mais;G-E;2.77;217;196.5;Non mesure;398;40.93;13.5;347;18;7.9;19.65;7;23.66;oui;#N/A;109;#N/A;0.109;#N/A
282-12ENICA10005;282;12ENICA10005;GRAND-EST;Salade;G-E;2.19;76;108.6;173.8;133;37.14;676.4;97;10;8.2;10.86;8;21.47;oui;10.2;101;1.19;0.101;331.5
002-12ENICA52003;2;12ENICA52003;GRAND-EST;Ble;G-E;2.20;209;178.4;Non mesure;327;34.82;3.1;282;159;7.3;17.84;19;20.13;oui;#N/A;110;#N/A;0.110;#N/A
230-12ENICA10001;230;12ENICA10001;GRAND-EST;Ble;G-E;1.78;95;91.3;175.0;90;29.60;763.9;36;9;8.2;9.13;7;17.11;oui;#N/A;72;#N/A;0.072;317.5
271-12ENICA52006;271;12ENICA52006;GRAND-EST;Mais;G-E;2.84;61;128.2;176.3;185;43.67;622.6;93;20;7.9;12.82;19;25.24;oui;#N/A;99;#N/A;0.099;277.5
510-12ENICA52001;510;12ENICA52001;GRAND-EST;Ble;G-E;6.92;188;284.2;28.8;367;122.16;143.7;244;22;7.7;28.42;36;70.61;oui;#N/A;284;#N/A;0.284;#N/A
526-16ENICA10006;526;16ENICA10006;GRAND-EST;Ble;G-E;1.98;50;119.0;173.8;189;28.48;672.3;78;8;8.3;11.90;2;16.46;oui;#N/A;47;#N/A;0.047;251.5
255-12ENICA51004;255;12ENICA51004;GRAND-EST;Ble;G-E;2.15;189;132.3;155.0;199;33.61;428.7;167;9;8.1;13.23;7;19.43;oui;#N/A;57;#N/A;0.057;162.0
037-14ENICA08005;37;14ENICA08005;GRAND-EST;Ble;G-E;1.49;453;151.7;Non mesure;235;19.64;7.3;258;43;7.9;15.17;4;11.35;oui;#N/A;121;#N/A;0.121;#N/A
049-12ENICA08003;49;12ENICA08003;GRAND-EST;Mais;G-E;1.53;179;186.3;41.3;335;24.22;135.9;111;205;8.1;18.63;34;14.00;oui;#N/A;30;#N/A;0.030;#N/A
520-12ENICA08001;520;12ENICA08001;GRAND-EST;Ble;G-E;1.93;156;112.0;172.5;152;31.59;532.7;129;21;8.1;11.20;10;18.26;oui;#N/A;73;#N/A;0.073;263.0
283-12ENICA51002;283;12ENICA51002;GRAND-EST;Ble;G-E;1.17;244;120.4;11.3;217;15.26;32.2;124;316;7.9;12.04;68;8.82;oui;#N/A;57;#N/A;0.057;#N/A
508-12ENICA51001;508;12ENICA51001;GRAND-EST;Ble;G-E;2.04;104;109.5;173.8;162;32.87;601.8;112;12;8.2;10.95;9;19.00;oui;#N/A;77;#N/A;0.077;287.0
286-12ENICA51003;286;12ENICA51003;GRAND-EST;Ble;G-E;1.49;236;148.4;Non mesure;250;19.98;6.3;244;84;7.7;14.84;179;11.55;oui;#N/A;106;#N/A;0.106;#N/A
235-12ENICA08002;235;12ENICA08002;GRAND-EST;Ble;G-E;1.94;271;150.4;16.3;336;29.01;64.5;236;56;8.0;15.04;37;16.77;oui;#N/A;65;#N/A;0.065;#N/A
110-12ENICA51007;110;12ENICA51007;GRAND-EST;Vigne;G-E;1.75;96;160.9;89.1;264;36.52;187.1;111;255;8.1;16.09;86;21.11;oui;134.4;98;45.80;0.098;#N/A
280-12ENICA51005;280;12ENICA51005;GRAND-EST;Salade;G-E;1.77;36;77.4;177.5;106;34.57;755.7;42;33;8.4;7.74;28;19.98;oui;11.1;89;1.94;0.089;388.0
024-12ENICA51009;24;12ENICA51009;GRAND-EST;Vigne;G-E;2.25;118;164.0;89.4;253;42.11;156.8;117;251;8.2;16.40;104;24.34;oui;347.7;144;153.95;0.144;#N/A
225-14ENICA51013;225;14ENICA51013;GRAND-EST;Vigne;G-E;2.26;130;174.0;57.1;236;44.79;135.7;99;294;8.1;17.40;106;25.89;oui;170.5;83;64.85;0.083;#N/A
114-12ENICA51012;114;12ENICA51012;GRAND-EST;Vigne;G-E;2.31;106;187.0;117.5;286;49.67;256.2;122;155;8.1;18.70;75;28.71;oui;184.0;161;62.25;0.161;#N/A
108-12ENICA51011;108;12ENICA51011;GRAND-EST;Vigne;G-E;1.77;155;146.2;119.3;219;37.51;267.1;106;179;8.2;14.62;74;21.68;oui;163.7;96;63.68;0.096;#N/A
109-12ENICA51010;109;12ENICA51010;GRAND-EST;Vigne;G-E;2.00;95;138.0;153.9;205;40.27;349.9;102;178;8.2;13.80;69;23.28;oui;132.1;65;42.92;0.065;135.0
503-15ENICA51014;503;15ENICA51014;GRAND-EST;Salade;G-E;1.58;203;146.6;73.8;282;24.20;210.8;134;96;8.3;14.66;74;13.99;oui;28.5;150;7.73;0.150;#N/A
126-RC-19;126;RC-19;CENTRE-VAL DE LOIRE;Ble;CVL;1.47;294;207.6;Non mesure;301;23.27;8.3;241;36;8.1;20.76;120;13.45;oui;#N/A;78;#N/A;0.078;#N/A
039-RC-18;39;RC-18;CENTRE-VAL DE LOIRE;Ble;CVL;1.88;112;209.4;48.5;281;30.03;197.4;99;71;8.2;20.94;240;17.36;oui;#N/A;114;#N/A;0.114;#N/A
127-RC-22;127;RC-22;CENTRE-VAL DE LOIRE;Mais;CVL;1.63;319;182.0;27.8;321;23.63;71.6;261;20;8.5;18.20;6;13.66;oui;#N/A;28;#N/A;0.028;#N/A
132-RC-23;132;RC-23;CENTRE-VAL DE LOIRE;Ble;CVL;1.44;32;245.7;Non mesure;358;16.35;15.6;77;94;8.0;24.57;423;9.45;oui;#N/A;44;#N/A;0.044;#N/A
129-RC-20;129;RC-20;CENTRE-VAL DE LOIRE;Ble;CVL;1.17;325;132.7;Non mesure;223;15.93;Non mesure;247;53;5.7;13.27;151;9.21;oui;#N/A;44;#N/A;0.044;#N/A
128-RC-21;128;RC-21;CENTRE-VAL DE LOIRE;Mais;CVL;2.06;194;353.9;27.4;479;25.79;36.3;218;34;8.3;35.39;38;14.91;oui;#N/A;26;#N/A;0.026;#N/A
243-ENI-LIMOUSIN-04;243;ENI_Limousin_04;NOUVELLE-AQUITAINE;Ble;N-A;2.01;153;97.6;Non mesure;118;32.89;2.1;182;158;7.0;9.76;388;19.01;oui;#N/A;42;#N/A;0.042;#N/A
318-ENI-LIMOUSIN-12;318;ENI_Limousin_12;NOUVELLE-AQUITAINE;Ble;N-A;1.24;92;106.0;Non mesure;144;18.20;Non mesure;146;200;6.6;10.60;418;10.52;oui;#N/A;17;#N/A;0.017;#N/A
317-ENI-LIMOUSIN-07;317;ENI_Limousin_07;NOUVELLE-AQUITAINE;Ble;N-A;1.61;101;111.4;Non mesure;110;30.41;Non mesure;126;187;5.7;11.14;477;17.58;oui;#N/A;94;#N/A;0.094;#N/A
158-ENI-LIMOUSIN-06;158;ENI_Limousin_06;NOUVELLE-AQUITAINE;Ble;N-A;1.63;79;130.7;Non mesure;141;25.67;Non mesure;175;141;6.5;13.07;464;14.84;oui;#N/A;106;#N/A;0.106;#N/A
251-ENI-LIMOUSIN-11;251;ENI_Limousin_11;NOUVELLE-AQUITAINE;Ble;N-A;1.22;84;79.7;Non mesure;141;20.40;Non mesure;183;152;6.0;7.97;439;11.79;oui;#N/A;53;#N/A;0.053;#N/A
315-ENI-LIMOUSIN-08;315;ENI_Limousin_08;NOUVELLE-AQUITAINE;Ble;N-A;1.76;86;95.5;Non mesure;135;28.39;Non mesure;172;101;6.7;9.55;506;16.41;oui;#N/A;49;#N/A;0.049;#N/A
319-ENI-LIMOUSIN-01;319;ENI_Limousin_01;NOUVELLE-AQUITAINE;Ble;N-A;2.96;100;135.5;Non mesure;143;47.58;8.3;148;238;7.6;13.55;364;27.50;oui;#N/A;63;#N/A;0.063;#N/A
242-ENI-LIMOUSIN-02;242;ENI_Limousin_02;NOUVELLE-AQUITAINE;Ble;N-A;1.64;97;81.7;Non mesure;128;23.96;Non mesure;163;181;6.5;8.17;431;13.85;oui;#N/A;15;#N/A;0.015;#N/A
244-ENI-LIMOUSIN-05;244;ENI_Limousin_05;NOUVELLE-AQUITAINE;Ble;N-A;1.44;167;121.0;Non mesure;177;21.94;8.3;182;303;7.9;12.10;163;12.68;oui;#N/A;49;#N/A;0.049;#N/A
316-ENI-LIMOUSIN-10;316;ENI_Limousin_10;NOUVELLE-AQUITAINE;Ble;N-A;1.74;114;119.3;Non mesure;141;28.30;Non mesure;171;179;6.4;11.93;395;16.36;oui;#N/A;47;#N/A;0.047;#N/A
320-ENI-LIMOUSIN-03;320;ENI_Limousin_03;NOUVELLE-AQUITAINE;Ble;N-A;1.47;72;78.4;Non mesure;112;26.94;<2;132;131;7.0;7.84;552;15.57;oui;#N/A;65;#N/A;0.065;#N/A
160-ENI-LIMOUSIN-09;160;ENI_Limousin_09;NOUVELLE-AQUITAINE;Ble;N-A;1.36;107;72.5;Non mesure;102;22.97;Non mesure;167;168;6.5;7.25;456;13.28;oui;#N/A;117;#N/A;0.117;#N/A
123-CENTRE-14;123;Centre-14;CENTRE-VAL DE LOIRE;Ble;CVL;1.25;317;108.0;Non mesure;185;19.06;18.7;357;46;7.8;10.80;77;11.02;oui;#N/A;91;#N/A;0.091;#N/A
252-CENTRE-15;252;Centre-15;CENTRE-VAL DE LOIRE;Ble;CVL;1.22;431;69.7;Non mesure;113;19.67;Non mesure;365;57;5.6;6.97;34;11.37;oui;#N/A;63;#N/A;0.063;#N/A
096-CENTRE-16;96;Centre-16;CENTRE-VAL DE LOIRE;Ble;CVL;1.29;352;124.9;Non mesure;162;20.28;2.1;322;63;7.3;12.49;98;11.72;oui;#N/A;83;#N/A;0.083;#N/A
032-CENTRE-17;32;Centre-17;CENTRE-VAL DE LOIRE;Mais;CVL;1.79;331;182.2;Non mesure;269;27.58;4.2;310;34;7.6;18.22;52;15.94;oui;#N/A;84;#N/A;0.084;#N/A
166-MP-GAR-AM-M4;166;MP_GAR_AM_M4;OCCITANIE;Mais;OCC;1.50;178;120.3;Non mesure;151;20.73;18.6;313;222;8.1;12.03;118;11.98;oui;#N/A;23;#N/A;0.023;#N/A
154-MP-GAR-AM-M2;154;MP_GAR_AM_M2;OCCITANIE;Mais;OCC;0.86;309;45.2;Non mesure;91;11.25;Non mesure;239;192;6.7;4.52;169;6.50;oui;#N/A;28;#N/A;0.028;#N/A
470-MP-GAR-AM-B1;470;MP_GAR_AM_B1;OCCITANIE;Ble;OCC;1.17;348;79.7;Non mesure;169;17.11;Non mesure;303;130;5.6;7.97;51;9.89;oui;#N/A;28;#N/A;0.028;#N/A
134-MP-GAR-AV-B3;134;MP_GAR_AV_B3;OCCITANIE;Ble;OCC;1.42;315;84.2;Non mesure;167;19.17;Non mesure;247;116;5.3;8.42;155;11.08;oui;#N/A;94;#N/A;0.094;#N/A
165-MP-GAR-AM-M3;165;MP_GAR_AM_M3;OCCITANIE;Mais;OCC;1.52;290;111.4;Non mesure;206;23.32;6.2;239;184;7.7;11.14;75;13.48;oui;#N/A;110;#N/A;0.110;#N/A
480-MP-GAR-AM-B2;480;MP_GAR_AM_B2;OCCITANIE;Ble;OCC;0.98;266;91.6;Non mesure;186;14.39;Non mesure;326;110;6.8;9.16;113;8.32;oui;#N/A;46;#N/A;0.046;#N/A
474-MP-GAR-AM-M5;474;MP_GAR_AM_M5;OCCITANIE;Mais;OCC;1.23;288;71.0;Non mesure;160;18.30;10.4;351;96;8.1;7.10;95;10.58;oui;#N/A;99;#N/A;0.099;#N/A
502-MP-GAR-AM-M6;502;MP_GAR_AM_M6;OCCITANIE;Mais;OCC;0.94;239;64.3;Non mesure;158;12.28;Non mesure;249;228;5.8;6.43;126;7.10;oui;#N/A;54;#N/A;0.054;#N/A
151-MP-GAR-AM-M7;151;MP_GAR_AM_M7;OCCITANIE;Mais;OCC;1.23;133;81.9;Non mesure;147;17.40;Non mesure;269;156;6.1;8.19;296;10.06;oui;#N/A;61;#N/A;0.061;#N/A
162-MP-GAR-AV-B2;162;MP_GAR_AV_B2;OCCITANIE;Ble;OCC;1.39;99;166.7;30.0;398;16.02;86.1;204;112;8.3;16.67;101;9.26;oui;#N/A;18;#N/A;0.018;#N/A
241-MP-GAR-AM-M1;241;MP_GAR_AM_M1;OCCITANIE;Mais;OCC;1.23;238;69.1;Non mesure;144;20.14;Non mesure;241;158;5.4;6.91;220;11.64;oui;#N/A;90;#N/A;0.090;#N/A
170-MP-GAR-AV-S2;170;MP_GAR_AV_S2;OCCITANIE;Salade;OCC;0.70;139;81.8;Non mesure;125;13.74;2.1;125;256;7.6;8.18;353;7.94;oui;13.2;228;3.50;0.228;#N/A
250-MP-GAR-AV-S1;250;MP_GAR_AV_S1;OCCITANIE;Salade;OCC;0.77;171;81.5;Non mesure;138;13.04;2.1;164;245;7.6;8.15;280;7.54;oui;42.0;56;14.40;0.056;#N/A
324-MP-GAR-AV-S3;324;MP_GAR_AV_S3;OCCITANIE;Salade;OCC;1.15;250;84.3;11.3;156;16.78;57.6;192;301;8.3;8.43;44;9.70;oui;24.8;53;3.56;0.053;#N/A
541-50140-CA50-03;541;50140-CA50-03;NORMANDIE;Mais;NOR;1.87;401;101.1;Non mesure;166;31.71;Non mesure;225;118;6.2;10.11;91;18.33;oui;#N/A;62;#N/A;0.062;#N/A
298-50086-CA50-01;298;50086-CA 50-01 ;NORMANDIE;Mais;NOR;3.29;259;127.3;Non mesure;191;54.93;Non mesure;181;186;5.4;12.73;182;31.75;oui;#N/A;57;#N/A;0.057;#N/A
140-PDL-09;140;PDL-09;PAYS DE LOIRE;Mais;PDL;2.00;278;94.5;Non mesure;126;29.55;Non mesure;412;92;6.3;9.45;93;17.08;oui;#N/A;108;#N/A;0.108;#N/A
392-PDL-06;392;PDL-06;PAYS DE LOIRE;Ble;PDL;2.67;205;112.2;Non mesure;230;34.77;Non mesure;447;64;5.4;11.22;54;20.10;oui;#N/A;55;#N/A;0.055;#N/A
163-PDL-07;163;PDL-07;PAYS DE LOIRE;Mais;PDL;2.28;265;88.3;Non mesure;141;32.56;Non mesure;378;108;6.6;8.83;107;18.82;oui;#N/A;39;#N/A;0.039;#N/A
157-PDL-01;157;PDL-01;PAYS DE LOIRE;Ble;PDL;2.84;156;118.0;Non mesure;252;35.83;Non mesure;320;79;6.8;11.80;194;20.71;oui;#N/A;39;#N/A;0.039;#N/A
141-PDL-08;141;PDL-08;PAYS DE LOIRE;Mais;PDL;2.35;306;99.9;Non mesure;163;33.41;Non mesure;362;79;6.8;9.99;90;19.31;oui;#N/A;72;#N/A;0.072;#N/A
164-PDL-02;164;PDL-02;PAYS DE LOIRE;Ble;PDL;1.95;181;76.0;Non mesure;139;28.32;Non mesure;201;67;5.4;7.60;411;16.37;oui;#N/A;61;#N/A;0.061;#N/A
562-PDL-37;562;PDL-37;PAYS DE LOIRE;Ble;PDL;1.06;304;62.1;Non mesure;109;15.10;Non mesure;235;101;6.3;6.21;251;8.73;oui;#N/A;33;#N/A;0.033;#N/A
142-PDL-13;142;PDL-13;PAYS DE LOIRE;Mais;PDL;1.45;59;161.0;Non mesure;249;20.92;5.2;71;214;7.8;16.10;402;12.09;oui;#N/A;51;#N/A;0.051;#N/A
139-PDL-14;139;PDL-14;PAYS DE LOIRE;Ble;PDL;1.65;171;60.1;Non mesure;116;25.52;Non mesure;213;91;5.7;6.01;409;14.75;oui;#N/A;32;#N/A;0.032;#N/A
553-PDL-36;553;PDL-36;PAYS DE LOIRE;Salade;PDL;0.88;19;73.0;Non mesure;74;10.24;14.5;42;116;8.4;7.30;734;5.92;oui;9.3;73;2.56;0.073;#N/A
432-PDL-23;432;PDL-23;PAYS DE LOIRE;Salade;PDL;0.94;135;101.0;10.5;170;14.71;42.5;102;329;8.4;10.10;222;8.50;oui;8.5;37;2.23;0.037;#N/A
521-PDL-20;521;PDL-20;PAYS DE LOIRE;Vigne;PDL;1.55;270;121.2;Non mesure;247;24.72;Non mesure;234;146;6.5;12.12;102;14.29;oui;33.3;56;12.03;0.056;#N/A
098-PDL-21;98;PDL-21;PAYS DE LOIRE;Vigne;PDL;1.76;183;153.2;Non mesure;194;31.35;9.3;197;146;7.8;15.32;271;18.12;oui;136.1;125;68.91;0.125;#N/A
111-PDL-19;111;PDL-19;PAYS DE LOIRE;Vigne;PDL;1.23;136;67.4;Non mesure;137;19.46;Non mesure;305;128;5.5;6.74;293;11.25;oui;87.1;62;30.45;0.062;#N/A
302-AQ-012;302;AQ-012;NOUVELLE-AQUITAINE;Vigne;N-A;1.00;199;50.9;Non mesure;142;14.69;Non mesure;297;198;6.0;5.09;165;8.49;oui;13.9;15;4.80;0.015;#N/A
557-AQ-041;557;AQ-041;NOUVELLE-AQUITAINE;Mais;N-A;1.23;176;71.3;Non mesure;157;17.63;Non mesure;312;186;6.4;7.13;170;10.19;oui;#N/A;45;#N/A;0.045;#N/A
308-AQ-029;308;AQ-029;NOUVELLE-AQUITAINE;Mais;N-A;0.87;231;77.4;Non mesure;185;14.79;Non mesure;374;164;6.0;7.74;47;8.55;oui;#N/A;23;#N/A;0.023;#N/A
311-AQ-031;311;AQ-031;NOUVELLE-AQUITAINE;Mais;N-A;1.16;324;57.8;Non mesure;133;22.84;Non mesure;321;135;6.1;5.78;87;13.20;oui;#N/A;193;#N/A;0.193;#N/A
309-AQ-030;309;AQ-030;NOUVELLE-AQUITAINE;Mais;N-A;0.89;13;59.4;Non mesure;33;23.80;Non mesure;29;233;6.1;5.94;693;13.76;oui;#N/A;191;#N/A;0.191;#N/A
368-AQ-011;368;AQ-011;NOUVELLE-AQUITAINE;Vigne;N-A;2.10;37;188.7;101.8;388;34.72;220.5;67;64;8.2;18.87;224;20.07;oui;182.0;30;56.74;0.030;#N/A
344-AQ-016;344;AQ-016;NOUVELLE-AQUITAINE;Mais;N-A;0.72;61;29.3;Non mesure;19;15.31;Non mesure;45;146;5.9;2.93;729;8.85;oui;#N/A;82;#N/A;0.082;#N/A
068-PCB2;68;PCB2;NOUVELLE-AQUITAINE;Ble;N-A;1.32;279;83.2;Non mesure;166;21.88;Non mesure;363;61;6.7;8.32;131;12.65;oui;#N/A;75;#N/A;0.075;#N/A
001-PCB1;1;PCB1;NOUVELLE-AQUITAINE;Ble;N-A;1.12;321;77.4;Non mesure;188;17.51;Non mesure;361;57;6.5;7.74;72;10.12;oui;#N/A;75;#N/A;0.075;#N/A
226-PCM3;226;PCM3;NOUVELLE-AQUITAINE;Mais;N-A;1.75;278;106.8;Non mesure;308;30.26;Non mesure;270;55;5.5;10.68;90;17.49;oui;#N/A;74;#N/A;0.074;#N/A
017-PCS3;17;PCS3;NOUVELLE-AQUITAINE;Salade;N-A;0.61;21;40.2;Non mesure;45;10.09;2.1;23;456;7.9;4.02;453;5.83;oui;<8;105;2.34;0.105;#N/A
046-PCM1;46;PCM1;NOUVELLE-AQUITAINE;Mais;N-A;2.94;101;181.4;107.9;275;46.45;455.5;139;16;8.0;18.14;13;26.85;oui;#N/A;25;#N/A;0.025;#N/A
102-PCM2;102;PCM2;NOUVELLE-AQUITAINE;Mais;N-A;2.07;267;104.7;Non mesure;176;35.59;Non mesure;272;113;6.8;10.47;172;20.57;oui;#N/A;75;#N/A;0.075;#N/A
121-PCM5;121;PCM5;NOUVELLE-AQUITAINE;Mais;N-A;1.36;295;86.7;Non mesure;180;23.18;Non mesure;424;40;6.5;8.67;61;13.40;oui;#N/A;67;#N/A;0.067;#N/A
105-PCS1;105;PCS1;NOUVELLE-AQUITAINE;Salade;N-A;0.67;47;98.2;Non mesure;127;12.20;4.2;58;386;8.1;9.82;378;7.05;oui;10.1;94;4.15;0.094;#N/A
059-PCM4;59;PCM4;NOUVELLE-AQUITAINE;Mais;N-A;1.90;280;146.6;Non mesure;260;30.69;Non mesure;386;31;6.8;14.66;43;17.74;oui;#N/A;120;#N/A;0.120;#N/A
054-PCS2;54;PCS2;NOUVELLE-AQUITAINE;Salade;N-A;0.80;43;66.2;Non mesure;75;16.69;2.1;75;394;6.8;6.62;410;9.65;oui;66.5;94;32.26;0.094;#N/A
522-PCV2;522;PCV2;NOUVELLE-AQUITAINE;Vigne;N-A;2.68;41;193.0;127.3;333;46.52;378.8;136;44;8.2;19.30;67;26.89;oui;99.8;127;36.65;0.127;#N/A
053-PCV1;53;PCV1;NOUVELLE-AQUITAINE;Vigne;N-A;1.92;165;201.1;32.9;333;35.08;111.3;212;100;8.2;20.11;79;20.28;oui;212.7;163;82.74;0.163;#N/A
090-PCV3;90;PCV3;NOUVELLE-AQUITAINE;Vigne;N-A;1.13;105;76.7;Non mesure;107;22.27;Non mesure;93;341;6.4;7.67;354;12.87;oui;58.3;56;32.07;0.056;#N/A
395-27044-CA27-03;395;27044_CA27_03;NORMANDIE;Ble;NOR;1.38;452;91.1;Non mesure;124;20.33;18.7;306;79;8.0;9.11;20;11.75;oui;#N/A;33;#N/A;0.033;#N/A
404-27080-CA27-01;404;27080_CA27_01;NORMANDIE;Ble;NOR;1.47;253;151.4;Non mesure;202;23.74;7.3;169;197;8.0;15.14;172;13.72;oui;#N/A;67;#N/A;0.067;#N/A
534-27044-CA27-04;534;27044-CA27-04;NORMANDIE;Ble;NOR;1.24;474;101.1;Non mesure;140;19.62;4.2;259;92;7.9;10.11;31;11.34;oui;#N/A;54;#N/A;0.054;#N/A
535-27080-CA27-05;535;27080-CA27-05;NORMANDIE;Ble;NOR;1.25;481;111.1;Non mesure;191;20.79;Non mesure;247;67;6.7;11.11;14;12.02;oui;#N/A;40;#N/A;0.040;#N/A
048-IF-077-01;48;IF_077_01;ILE-DE-FRANCE;Ble;IDF;1.95;8;207.9;168.5;340;24.74;601.5;32;11;8.2;20.79;7;14.30;oui;#N/A;67;#N/A;0.067;183.5
023-IF-077-02;23;IF_077_02;ILE-DE-FRANCE;Salade;IDF;1.68;292;155.3;32.1;267;27.54;117.4;226;53;8.2;15.53;44;15.92;oui;20.0;120;4.19;0.120;#N/A
009-IF-077-04;9;IF_077_04;ILE-DE-FRANCE;Salade;IDF;1.14;246;53.9;Non mesure;79;18.20;3.1;158;405;7.6;5.39;109;10.52;oui;10.5;154;6.19;0.154;#N/A
190-IF-077-03;190;IF_077_03;ILE-DE-FRANCE;Ble;IDF;1.16;351;126.7;Non mesure;228;16.52;5.2;281;78;7.9;12.67;55;9.55;oui;#N/A;76;#N/A;0.076;#N/A
218-IF-077-06;218;IF_077_06;ILE-DE-FRANCE;Mais;IDF;1.29;414;111.4;Non mesure;177;20.62;2.1;221;108;7.9;11.14;78;11.92;oui;#N/A;126;#N/A;0.126;#N/A
118-PCM11;118;PCM11;NOUVELLE-AQUITAINE;Mais;N-A;3.81;63;216.2;76.8;424;56.78;261.8;155;37;8.2;21.62;60;32.82;oui;#N/A;87;#N/A;0.087;#N/A
092-PCM12;92;PCM12;NOUVELLE-AQUITAINE;Mais;N-A;3.78;42;191.6;147.5;374;58.27;479.8;88;9;8.2;19.16;7;33.68;oui;#N/A;32;#N/A;0.032;185.0
101-PCB8;101;PCB8;NOUVELLE-AQUITAINE;Ble;N-A;3.23;53;172.3;149.3;381;47.66;413.5;135;8;8.3;17.23;10;27.55;oui;#N/A;55;#N/A;0.055;187.0
228-14170-CREPAN14-04;228;14170-CREPAN14-04;NORMANDIE;Ble;NOR;1.16;518;101.9;Non mesure;171;17.78;<2;233;76;6.8;10.19;2;10.28;oui;#N/A;93;#N/A;0.093;#N/A
112-14355-AGRIAL-02;112;14355-AGRIAL-02;NORMANDIE;Ble;NOR;2.34;274;128.5;80.5;173;33.04;363.1;145;40;8.3;12.85;5;19.10;oui;#N/A;107;#N/A;0.107;#N/A
548-14170-CREPAN14-08;548;14170-CREPAN14-08;NORMANDIE;Ble;NOR;2.17;461;135.0;15.8;206;31.95;93.5;177;50;8.2;13.50;11;18.47;oui;#N/A;37;#N/A;0.037;#N/A
366-14170-CREPAN14-01;366;14170-CREPAN14-01;NORMANDIE;Ble;NOR;1.96;499;130.0;Non mesure;198;29.01;2.1;219;76;7.5;13.00;4;16.77;oui;#N/A;145;#N/A;0.145;#N/A
554-14680-CREPAN14-09;554;14680_CREPAN14_09;NORMANDIE;Mais;NOR;2.77;317;156.2;Non mesure;251;41.68;2.1;238;84;6.6;15.62;108;24.09;oui;#N/A;98;#N/A;0.098;#N/A
116-14170-CREPAN14-05;116;14170-CREPAN14-05;NORMANDIE;Ble;NOR;1.37;473;120.9;Non mesure;216;20.66;2.1;237;69;7.2;12.09;3;11.94;oui;#N/A;125;#N/A;0.125;#N/A
094-14170-CREPAN14-07;94;14170-CREPAN14-07;NORMANDIE;Ble;NOR;1.58;569;102.1;Non mesure;145;23.72;<2;207;72;7.0;10.21;6;13.71;oui;#N/A;78;#N/A;0.078;#N/A
115-14170-CREPAN14-02;115;14170-CREPAN14-02;NORMANDIE;Ble;NOR;1.84;449;157.4;Non mesure;228;25.45;6.2;271;43;8.1;15.74;3;14.71;oui;#N/A;58;#N/A;0.058;#N/A
117-14170-CREPAN14-03;117;14170-CREPAN14-03;NORMANDIE;Ble;NOR;1.82;164;78.4;147.9;103;28.70;621.6;79;24;8.4;7.84;9;16.59;oui;#N/A;40;#N/A;0.040;189.0
003-LR-M-34-1;3;LR_M_34_1;OCCITANIE;Mais;OCC;1.06;165;96.7;37.0;219;15.10;134.7;230;191;8.5;9.67;60;8.73;oui;#N/A;46;#N/A;0.046;#N/A
004-LR-M-34-2;4;LR_M_34_2;OCCITANIE;Mais;OCC;0.76;183;66.1;17.5;151;11.80;78.9;129;400;8.5;6.61;58;6.82;oui;#N/A;134;#N/A;0.134;#N/A
065-LR-V-34-2;65;LR_V_34_2;OCCITANIE;Vigne;OCC;0.90;55;102.0;138.4;247;15.59;456.5;100;92;8.5;10.20;50;9.01;oui;69.0;32;23.55;0.032;133.5
196-LR-V-11-1;196;LR_V_11_1;OCCITANIE;Vigne;OCC;0.87;128;161.6;Non mesure;294;10.95;12.5;176;163;8.1;16.16;226;6.33;oui;38.0;63;10.32;0.063;#N/A
066-LR-V-34-1;66;LR_V_34_1;OCCITANIE;Vigne;OCC;0.85;99;68.4;Non mesure;71;16.78;2.1;74;273;7.8;6.84;481;9.70;oui;93.8;83;52.88;0.083;#N/A
197-LR-V-11-2;197;LR_V_11_2;OCCITANIE;Vigne;OCC;0.67;100;134.5;13.6;179;7.85;21.8;137;152;8.5;13.45;410;4.54;oui;43.8;20;10.20;0.020;#N/A
155-PDL-05;155;PDL-05;PAYS DE LOIRE;Ble;PDL;1.78;383;123.3;Non mesure;217;28.13;2.1;293;69;6.9;12.33;37;16.26;oui;#N/A;64;#N/A;0.064;#N/A
156-PDL-03;156;PDL-03;PAYS DE LOIRE;Mais;PDL;1.40;459;87.9;Non mesure;139;20.05;Non mesure;315;69;6.8;8.79;18;11.59;oui;#N/A;21;#N/A;0.021;#N/A
045-PDL-10;45;PDL-10;PAYS DE LOIRE;Mais;PDL;1.19;171;53.2;Non mesure;69;17.65;Non mesure;89;296;6.6;5.32;375;10.20;oui;#N/A;117;#N/A;0.117;#N/A
159-PDL-04;159;PDL-04;PAYS DE LOIRE;Ble;PDL;1.78;325;80.4;Non mesure;162;26.68;Non mesure;319;81;6.1;8.04;113;15.42;oui;#N/A;26;#N/A;0.026;#N/A
044-PDL-11;44;PDL-11;PAYS DE LOIRE;Mais;PDL;2.67;182;242.7;Non mesure;347;26.78;2.1;154;91;7.2;24.27;224;15.48;oui;#N/A;81;#N/A;0.081;#N/A
238-PDL-12;238;PDL-12;PAYS DE LOIRE;Mais;PDL;1.02;120;98.8;Non mesure;134;14.95;9.4;91;178;8.1;9.88;467;8.64;oui;#N/A;29;#N/A;0.029;#N/A
067-LR-V-34-5;67;LR_V_34_5;OCCITANIE;Vigne;OCC;1.20;342;97.0;Non mesure;182;22.59;<2;198;164;7.2;9.70;113;13.06;oui;48.6;101;22.99;0.101;#N/A
364-LR-V-30-1;364;LR_V_30_1;OCCITANIE;Vigne;OCC;1.70;135;81.3;25.6;90;25.62;145.1;41;460;8.1;8.13;129;14.81;oui;96.7;73;40.18;0.073;#N/A
431-LR-V-30-2;431;LR_V_30_2;OCCITANIE;Vigne;OCC;0.94;72;53.4;41.0;88;15.88;206.1;78;287;8.4;5.34;269;9.18;oui;57.6;14;25.62;0.014;#N/A
300-LR-S-30-1;300;LR_S_30_1;OCCITANIE;Salade;OCC;0.96;104;94.8;135.6;199;13.11;518.4;129;44;8.4;9.48;5;7.58;oui;13.0;69;3.28;0.069;64.5
058-LR-V-30-4;58;LR_V_30_4;OCCITANIE;Vigne;OCC;1.77;182;219.7;21.9;432;21.90;76.8;198;93;8.4;21.97;18;12.66;oui;33.2;62;6.80;0.062;#N/A
500-AQ-008;500;AQ-008;NOUVELLE-AQUITAINE;Vigne;N-A;0.93;275;109.9;Non mesure;226;15.15;10.4;228;84;8.1;10.99;177;8.76;oui;219.5;153;90.05;0.153;#N/A
381-BOURG-04-VI;381;BOURG-04-VI;BOURGOGNE-FRANCHE-COMTE;Vigne;BFC;1.12;144;147.3;Non mesure;281;16.56;<2;215;113;7.1;14.73;247;9.57;oui;45.7;30;17.25;0.030;#N/A
383-BOURG-05-VI;383;BOURG-05-VI;BOURGOGNE-FRANCHE-COMTE;Vigne;BFC;1.23;282;162.2;Non mesure;259;23.53;<2;253;161;7.1;16.22;45;13.60;oui;107.4;62;48.32;0.062;#N/A
382-BOURG-06-VI;382;BOURG-06-VI;BOURGOGNE-FRANCHE-COMTE;Vigne;BFC;1.54;158;166.4;47.6;325;24.65;267.0;190;33;8.4;16.64;26;14.25;oui;127.0;115;41.48;0.115;#N/A
327-BOURG-21-BH;327;BOURG-21-BH;BOURGOGNE-FRANCHE-COMTE;Ble;BFC;2.72;154;190.6;40.8;328;42.40;217.5;231;16;8.3;19.06;53;24.51;oui;#N/A;87;#N/A;0.087;#N/A
330-BOURG-22-BH;330;BOURG-22-BH;BOURGOGNE-FRANCHE-COMTE;Ble;BFC;2.60;230;217.2;Non mesure;367;43.58;14.6;365;14;7.8;21.72;10;25.19;oui;#N/A;82;#N/A;0.082;#N/A
333-BOURG-13-MA;333;BOURG-13-MA;BOURGOGNE-FRANCHE-COMTE;Mais;BFC;0.95;364;71.4;Non mesure;119;15.14;<2;310;123;6.9;7.14;84;8.75;oui;#N/A;51;#N/A;0.051;#N/A
005-IF-077-10;5;IF_077_10;ILE-DE-FRANCE;Salade;IDF;1.58;60;69.1;Non mesure;25;27.59;11.4;43;192;7.6;6.91;668;15.95;oui;21.8;175;6.77;0.175;#N/A
103-IF-077-05;103;IF_077_05;ILE-DE-FRANCE;Mais;IDF;0.95;242;66.8;Non mesure;91;16.21;2.1;159;380;7.9;6.68;126;9.37;oui;#N/A;79;#N/A;0.079;#N/A
439-PACA-17;439;PACA-17;PROVENCE-ALPES-COTE D'AZUR;Mais;PACA;1.75;200;97.8;27.6;191;26.59;84.3;158;237;8.2;9.78;130;15.37;oui;#N/A;19;#N/A;0.019;#N/A
440-PACA-16;440;PACA-16;PROVENCE-ALPES-COTE D'AZUR;Mais;PACA;1.39;90;84.7;135.1;176;22.73;452.8;114;129;8.5;8.47;38;13.14;oui;#N/A;56;#N/A;0.056;146.0
446-PACA-18;446;PACA-18;PROVENCE-ALPES-COTE D'AZUR;Mais;PACA;1.80;22;199.0;137.8;413;26.33;306.9;136;71;8.4;19.90;51;15.22;oui;#N/A;32;#N/A;0.032;142.0
353-PACA-07;353;PACA-07;PROVENCE-ALPES-COTE D'AZUR;Vigne;PACA;0.44;103;81.7;22.6;159;6.76;107.1;89;240;8.5;8.17;301;3.91;oui;35.6;12;8.42;0.012;#N/A
303-PACA-06;303;PACA-06;PROVENCE-ALPES-COTE D'AZUR;Vigne;PACA;1.85;67;171.0;94.9;331;29.51;315.7;108;84;8.2;17.10;94;17.06;oui;98.3;25;28.12;0.025;#N/A
494-PACA-08;494;PACA-08;PROVENCE-ALPES-COTE D'AZUR;Vigne;PACA;0.62;160;89.6;35.1;187;8.46;212.9;113;224;8.4;8.96;103;4.89;oui;38.6;16;10.26;0.016;#N/A
304-PACA-04;304;PACA-04;PROVENCE-ALPES-COTE D'AZUR;Vigne;PACA;0.45;108;49.6;Non mesure;66;10.03;<2;133;186;7.7;4.96;506;5.80;oui;44.8;57;19.67;0.057;#N/A
380-PACA-05;380;PACA-05;PROVENCE-ALPES-COTE D'AZUR;Vigne;PACA;0.80;111;164.1;18.1;289;10.73;35.5;190;143;8.2;16.41;233;6.20;oui;69.6;9;17.12;0.009;#N/A
219-IF-077-12;219;IF_077_12;ILE-DE-FRANCE;Mais;IDF;1.24;381;115.4;Non mesure;192;18.60;2.1;199;156;7.4;11.54;69;10.75;oui;#N/A;107;#N/A;0.107;#N/A
040-IF-077-09;40;IF_077_09;ILE-DE-FRANCE;Ble;IDF;1.25;325;94.2;Non mesure;126;18.29;2.1;265;183;7.6;9.42;98;10.57;oui;#N/A;39;#N/A;0.039;#N/A
513-IF-077-13;513;IF_077_13;ILE-DE-FRANCE;Mais;IDF;1.18;476;126.8;Non mesure;191;17.61;<2;276;39;7.1;12.68;16;10.18;oui;#N/A;50;#N/A;0.050;#N/A
030-IF-077-08;30;IF_077_08;ILE-DE-FRANCE;Ble;IDF;1.16;275;85.3;Non mesure;129;18.13;<2;233;247;7.2;8.53;114;10.48;oui;#N/A;82;#N/A;0.082;#N/A
031-IF-077-07;31;IF_077_07;ILE-DE-FRANCE;Ble;IDF;1.33;351;170.0;Non mesure;257;18.51;3.1;282;63;7.7;17.00;43;10.70;oui;#N/A;77;#N/A;0.077;#N/A
357-BLEPLA1;357;BLEPLA1;BRETAGNE;Ble;BRE;2.24;341;100.5;Non mesure;139;40.36;2.1;327;116;6.1;10.05;75;23.33;oui;#N/A;122;#N/A;0.122;#N/A
216-BLEJPT1;216;BLEJPT1;BRETAGNE;Ble;BRE;2.67;211;108.0;Non mesure;265;36.99;2.1;331;118;5.8;10.80;73;21.38;oui;#N/A;74;#N/A;0.074;#N/A
263-MAIDBO1;263;MAIDBO1;BRETAGNE;Mais;BRE;1.42;397;83.7;Non mesure;144;21.05;<2;237;131;6.8;8.37;90;12.17;oui;#N/A;118;#N/A;0.118;#N/A
289-MAISMO1;289;MAISMO1;BRETAGNE;Mais;BRE;1.45;242;142.8;74.8;323;19.32;157.6;239;32;8.2;14.28;6;11.17;oui;#N/A;45;#N/A;0.045;#N/A
201-MAIAGE1;201;MAIAGE1;BRETAGNE;Mais;BRE;1.93;368;86.1;Non mesure;158;33.16;2.1;213;149;6.4;8.61;112;19.17;oui;#N/A;158;#N/A;0.158;#N/A
377-BLERJO1;377;BLERJO1;BRETAGNE;Ble;BRE;1.83;453;92.9;Non mesure;161;25.36;2.1;266;74;6.3;9.29;44;14.66;oui;#N/A;222;#N/A;0.222;#N/A
264-BLEAGE2;264;BLEAGE2;BRETAGNE;Ble;BRE;2.08;154;98.6;Non mesure;203;28.91;2.1;350;147;6.9;9.86;145;16.71;oui;#N/A;85;#N/A;0.085;#N/A
130-BLEAGE1;130;BLEAGE1;BRETAGNE;Ble;BRE;1.83;384;93.8;Non mesure;155;29.72;2.1;359;51;5.8;9.38;49;17.18;oui;#N/A;121;#N/A;0.121;#N/A
376-BOURG-24-BH;376;BOURG-24-BH;BOURGOGNE-FRANCHE-COMTE;Ble;BFC;1.65;147;166.7;Non mesure;341;22.58;13.5;247;40;8.1;16.67;212;13.05;oui;#N/A;49;#N/A;0.049;#N/A
372-BOURG-23-BH;372;BOURG-23-BH;BOURGOGNE-FRANCHE-COMTE;Ble;BFC;1.50;324;100.9;Non mesure;166;22.32;8.4;409;44;8.0;10.09;48;12.90;oui;#N/A;29;#N/A;0.029;#N/A
071-SALNME2;71;SALNME2;BRETAGNE;Salade;BRE;1.10;495;73.4;Non mesure;109;16.35;<2;185;158;6.3;7.34;53;9.45;oui;14.2;106;4.01;0.106;#N/A
072-SALNME1;72;SALNME1;BRETAGNE;Salade;BRE;1.24;338;71.2;Non mesure;59;19.96;3.1;118;190;7.7;7.12;291;11.54;oui;11.6;175;4.55;0.175;#N/A
025-MAIADU1;25;MAIADU1;BRETAGNE;Mais;BRE;2.00;287;99.6;Non mesure;153;36.59;<2;247;186;6.4;9.96;126;21.15;oui;#N/A;107;#N/A;0.107;#N/A
185-BLECBO1;185;BLECBO1;BRETAGNE;Ble;BRE;1.42;204;74.9;Non mesure;106;27.26;2.1;187;152;6.8;7.49;349;15.76;oui;#N/A;92;#N/A;0.092;#N/A
441-MAIPYD1;441;MAIPYD1;BRETAGNE;Mais;BRE;1.63;441;88.4;Non mesure;142;24.88;<2;233;110;6.6;8.84;74;14.38;oui;#N/A;132;#N/A;0.132;#N/A
189-MAIACO1;189;MAIACO1;BRETAGNE;Mais;BRE;2.09;165;104.6;Non mesure;193;29.01;<2;342;113;6.8;10.46;187;16.77;oui;#N/A;159;#N/A;0.159;#N/A
212-MAIISE1;212;MAIISE1;BRETAGNE;Mais;BRE;1.74;466;82.8;Non mesure;134;25.24;<2;265;94;7.1;8.28;40;14.59;oui;#N/A;18;#N/A;0.018;#N/A
418-76332-CA76-01;418;76332-CA76-01;NORMANDIE;Ble;NOR;1.16;493;82.8;Non mesure;131;17.21;2.1;256;113;6.9;8.28;5;9.95;OUI;#N/A;45;#N/A;0.045;#N/A
220-76332-CA76-05;220;76332-CA76-05;NORMANDIE;Ble;NOR;1.11;463;73.5;Non mesure;94;16.64;Non mesure;187;252;6.6;7.35;3;9.62;oui;#N/A;94;#N/A;0.094;#N/A
560-76150-CA-NEW03;560;76150-CA-NEW03;NORMANDIE;Salade;NOR;1.28;493;78.1;Non mesure;89;19.62;<2;258;148;7.0;7.81;10;11.34;OUI;8.7;142;3.16;0.142;#N/A
340-76332-CA76-02;340;76332-CA76-02;NORMANDIE;Salade;NOR;0.93;113;68.5;38.8;109;15.57;162.2;65;339;8.4;6.85;212;9.00;OUI;15.6;100;4.61;0.100;#N/A
338-LR-M-66-1;338;LR_M_66_1;OCCITANIE;Mais;OCC;1.12;196;121.9;13.3;255;14.76;20.8;208;173;8.5;12.19;148;8.53;OUI;#N/A;77;#N/A;0.077;#N/A
351-LR-S-66-1;351;LR_S_66_1;OCCITANIE;Salade;OCC;1.49;288;95.9;16.5;153;24.22;79.2;228;229;8.7;9.59;23;14.00;OUI;443.3;38;158.55;0.038;#N/A
385-LR-V-66-2;385;LR_V_66_2;OCCITANIE;Vigne;OCC;0.73;109;90.4;Non mesure;219;12.85;6.3;193;182;8.5;9.04;291;7.43;OUI;73.3;26;28.99;0.026;#N/A
384-LR-S-66-2;384;LR_S_66_2;OCCITANIE;Salade;OCC;0.99;228;78.3;26.1;145;17.84;107.4;243;237;8.5;7.83;39;10.31;OUI;126.9;27;33.91;0.027;#N/A
352-LR-V-66-1;352;LR_V_66_1;OCCITANIE;Vigne;OCC;0.89;164;55.1;Non mesure;59;14.15;2.1;103;235;7.7;5.51;437;8.18;OUI;137.2;62;59.54;0.062;#N/A
449-LR-V-11-3;449;LR_V_11_3;OCCITANIE;Vigne;OCC;0.90;113;93.9;135.9;165;16.66;452.0;69;193;8.9;9.39;7;9.63;OUI;69.1;10;29.05;0.010;187.0
540-14170-CA14-01;540;14170-CA14-01;NORMANDIE;Mais;NOR;2.08;243;127.1;26.5;228;30.48;151.2;114;256;8.4;12.71;6;17.62;OUI;#N/A;52;#N/A;0.052;#N/A
456-PACA-14;456;PACA-14;PROVENCE-ALPES-COTE D'AZUR;Vigne;PACA;0.79;96;132.8;26.0;193;16.56;32.3;78;426;8.3;13.28;175;9.57;OUI;66.8;44;21.71;0.044;#N/A
454-PACA-15;454;PACA-15;PROVENCE-ALPES-COTE D'AZUR;Vigne;PACA;1.58;71;122.7;22.5;140;24.51;24.9;59;391;7.9;12.27;314;14.17;OUI;25.2;41;11.39;0.041;#N/A
451-PACA-01;451;PACA-01;PROVENCE-ALPES-COTE D'AZUR;Salade;PACA;1.68;81;93.1;130.8;241;26.75;374.4;210;74;8.5;9.31;20;15.46;OUI;33.6;75;6.97;0.075;126.5
558-PACA-19;558;PACA-19;PROVENCE-ALPES-COTE D'AZUR;Salade;PACA;1.60;38;126.7;160.5;191;25.22;613.6;82;65;8.3;12.67;11;14.58;OUI;16.3;90;2.64;0.090;145.5
453-PACA-02;453;PACA-02;PROVENCE-ALPES-COTE D'AZUR;Salade;PACA;1.16;80;72.6;126.9;174;18.39;470.8;128;118;8.5;7.26;30;10.63;OUI;25.3;64;6.23;0.064;#N/A
528-76046-DEFISRURAUX-NEW2;528;76046-Defis Ruraux-new2;NORMANDIE;Ble;NOR;1.55;468;92.3;Non mesure;132;25.22;4.2;232;159;7.1;9.23;5;14.58;OUI;#N/A;113;#N/A;0.113;#N/A
527-76046-DEFISRURAUX-NEW1;527;76046-Defis Ruraux-new1;NORMANDIE;Ble;NOR;1.23;487;73.2;Non mesure;117;18.01;Non mesure;222;167;6.3;7.32;8;10.41;OUI;#N/A;102;#N/A;0.102;#N/A
529-76046-DEFISRURAUX-NEW3;529;76046-Defis Ruraux-new3;NORMANDIE;Ble;NOR;1.45;475;79.2;Non mesure;132;23.98;Non mesure;220;163;6.6;7.92;9;13.86;OUI;#N/A;65;#N/A;0.065;#N/A
445-76046-DEFISRURAUX-04;445;76046-Defis Ruraux- 04;NORMANDIE;Ble;NOR;1.08;457;73.7;Non mesure;124;18.55;Non mesure;230;186;6.7;7.37;4;10.72;OUI;#N/A;84;#N/A;0.084;#N/A
093-36-03;93;36-03;CENTRE-VAL DE LOIRE;Ble;CVL;2.53;50;283.6;Non mesure;534;31.66;6.2;117;75;8.0;28.36;218;18.30;OUI;#N/A;73;#N/A;0.073;#N/A
552-DPT36-CENTRE-45;552;Dpt36-Centre-45;CENTRE-VAL DE LOIRE;Mais;CVL;1.61;162;66.1;Non mesure;149;29.67;Non mesure;117;253;6.4;6.61;319;17.15;OUI;#N/A;70;#N/A;0.070;#N/A
551-DPT36-CENTRE-44;551;Dpt36-Centre-44;CENTRE-VAL DE LOIRE;Ble;CVL;1.33;361;80.1;Non mesure;122;23.72;2.1;270;170;7.4;8.01;75;13.71;OUI;#N/A;50;#N/A;0.050;#N/A
047-36-02;47;36-02;CENTRE-VAL DE LOIRE;Ble;CVL;2.79;97;208.9;90.0;436;33.98;241.1;177;21;8.5;20.89;29;19.64;OUI;#N/A;61;#N/A;0.061;#N/A
550-DPT36-CENTRE-43;550;Dpt36-Centre-43;CENTRE-VAL DE LOIRE;Ble;CVL;1.40;96;75.7;Non mesure;132;18.01;<2;211;106;7.0;7.57;454;10.41;OUI;#N/A;30;#N/A;0.030;#N/A
214-AQ-025;214;AQ-025;NOUVELLE-AQUITAINE;Vigne;N-A;1.33;172;104.1;5.0;157;21.43;27.0;204;239;8.1;10.41;200;12.39;OUI;132.6;77;48.32;0.077;#N/A
120-AQ-015;120;AQ-015;NOUVELLE-AQUITAINE;Mais;N-A;0.96;7;56.4;Non mesure;4;25.50;3.1;21;50;7.5;5.64;915;14.74;OUI;#N/A;104;#N/A;0.104;#N/A
491-57043;491;57043;GRAND-EST;Ble;G-E;1.08;101;89.5;Non mesure;130;16.44;5.2;87;319;7.6;8.95;358;9.50;OUI;#N/A;53;#N/A;0.053;#N/A
495-57578;495;57578;GRAND-EST;Ble;G-E;3.20;191;276.5;14.1;470;31.43;24.0;241;63;8.0;27.65;11;18.17;OUI;#N/A;60;#N/A;0.060;#N/A
496-57527;496;57527;GRAND-EST;Mais;G-E;2.17;156;180.6;Non mesure;376;26.19;Non mesure;420;20;6.4;18.06;28;15.14;OUI;#N/A;53;#N/A;0.053;#N/A
458-AL015;458;AL015;GRAND-EST;Mais;G-E;3.99;69;346.6;Non mesure;521;38.51;5.2;192;126;7.1;34.66;87;22.26;OUI;#N/A;49;#N/A;0.049;#N/A
465-AL008;465;AL008;GRAND-EST;Salade;G-E;1.24;335;93.7;30.8;161;20.98;177.4;216;37;8.1;9.37;74;12.13;OUI;17.9;73;3.68;0.073;#N/A
506-AL009;506;AL009;GRAND-EST;Vigne;G-E;1.51;221;147.1;17.3;267;25.97;123.5;237;43;8.2;14.71;109;15.01;OUI;79.3;113;32.47;0.113;#N/A
457-AL011;457;AL011;GRAND-EST;Mais;G-E;1.02;410;82.1;Non mesure;148;15.81;Non mesure;272;83;5.8;8.21;88;9.14;OUI;#N/A;86;#N/A;0.086;#N/A
292-AL001;292;AL001;GRAND-EST;Mais;G-E;2.46;204;134.5;Non mesure;156;40.26;15.6;204;124;7.7;13.45;296;23.27;OUI;#N/A;77;#N/A;0.077;#N/A
443-54179;443;54179;GRAND-EST;Ble;G-E;1.56;262;150.5;Non mesure;303;22.04;Non mesure;297;89;5.9;15.05;49;12.74;OUI;#N/A;30;#N/A;0.030;#N/A
517-AL006;517;AL006;GRAND-EST;Mais;G-E;2.38;335;152.0;6.4;234;35.26;65.8;344;15;7.9;15.20;7;20.38;OUI;#N/A;56;#N/A;0.056;#N/A
501-54296;501;54296;GRAND-EST;Ble;G-E;3.04;73;281.9;Non mesure;601;25.29;Non mesure;308;8;6.5;28.19;10;14.62;OUI;#N/A;20;#N/A;0.020;#N/A
355-54112;355;54112;GRAND-EST;Ble;G-E;2.58;209;238.5;Non mesure;447;28.65;5.2;315;19;7.1;23.85;5;16.56;OUI;#N/A;34;#N/A;0.034;#N/A
143-AL003;143;AL003;GRAND-EST;Mais;G-E;1.98;124;135.6;Non mesure;187;30.55;8.3;153;197;7.8;13.56;331;17.66;OUI;#N/A;77;#N/A;0.077;#N/A
542-AL022;542;AL022;GRAND-EST;Mais;G-E;2.62;89;194.6;Non mesure;242;37.96;16.7;148;231;7.9;19.46;273;21.94;OUI;#N/A;73;#N/A;0.073;#N/A
519-AL004;519;AL004;GRAND-EST;Mais;G-E;1.65;250;142.7;Non mesure;230;25.43;6.3;245;139;7.6;14.27;130;14.70;OUI;#N/A;101;#N/A;0.101;#N/A
124-AL005;124;AL005;GRAND-EST;Mais;G-E;1.26;376;136.2;Non mesure;252;17.78;Non mesure;298;42;6.5;13.62;31;10.28;OUI;#N/A;138;#N/A;0.138;#N/A
462-AL017;462;AL017;GRAND-EST;Salade;G-E;1.84;97;98.5;8.8;184;27.63;113.1;97;253;8.1;9.85;256;15.97;OUI;15.8;56;3.77;0.056;#N/A
184-AL002;184;AL002;GRAND-EST;Vigne;G-E;0.96;188;85.3;Non mesure;187;14.17;Non mesure;185;175;6.1;8.53;265;8.19;OUI;30.7;62;13.78;0.062;#N/A
544-AL024;544;AL024;GRAND-EST;Mais;G-E;2.35;195;222.2;Non mesure;431;21.52;17.6;290;47;7.9;22.22;19;12.44;OUI;#N/A;55;#N/A;0.055;#N/A
444-88508;444;88508;GRAND-EST;Ble;G-E;1.27;188;104.4;Non mesure;225;18.77;Non mesure;522;35;6.4;10.44;31;10.85;OUI;#N/A;23;#N/A;0.023;#N/A
475-88495;475;88495;GRAND-EST;Mais;G-E;1.46;244;104.2;Non mesure;195;21.38;Non mesure;426;86;5.9;10.42;49;12.36;OUI;#N/A;24;#N/A;0.024;#N/A
476-88183;476;88183;GRAND-EST;Ble;G-E;2.34;182;209.8;Non mesure;423;24.50;7.3;235;110;7.1;20.98;44;14.16;OUI;#N/A;68;#N/A;0.068;#N/A
518-AL020;518;AL020;GRAND-EST;Mais;G-E;1.06;273;128.0;Non mesure;239;16.28;5.2;238;148;7.2;12.80;96;9.41;OUI;#N/A;73;#N/A;0.073;#N/A
460-AL021;460;AL021;GRAND-EST;Mais;G-E;2.06;415;123.0;10.0;186;31.57;42.7;329;19;8.2;12.30;9;18.25;OUI;#N/A;106;#N/A;0.106;#N/A
029-AL007;29;AL007;GRAND-EST;Mais;G-E;1.03;159;81.4;36.3;180;16.04;185.8;161;216;8.6;8.14;97;9.27;OUI;#N/A;25;#N/A;0.025;#N/A
509-AL010;509;AL010;GRAND-EST;Vigne;G-E;1.16;143;77.0;Non mesure;82;19.84;3.1;203;85;7.0;7.70;483;11.47;OUI;165.9;123;107.55;0.123;#N/A
294-AL012;294;AL012;GRAND-EST;Vigne;G-E;0.94;156;86.0;Non mesure;121;17.84;4.2;202;136;7.3;8.60;381;10.31;OUI;97.6;141;69.36;0.141;#N/A
514-AL014;514;AL014;GRAND-EST;Vigne;G-E;0.68;66;67.5;Non mesure;61;13.36;4.2;99;139;7.6;6.75;632;7.72;OUI;159.1;100;98.35;0.100;#N/A
435-54466;435;54466;GRAND-EST;Salade;G-E;2.15;300;190.0;Non mesure;312;31.69;Non mesure;268;112;6.7;19.00;8;18.32;OUI;16.0;25;3.32;0.025;#N/A
461-AL019;461;AL019;GRAND-EST;Vigne;G-E;1.64;150;139.5;53.8;290;24.44;230.2;195;74;8.2;13.95;61;14.13;OUI;69.4;69;22.48;0.069;#N/A
378-57452;378;57452;GRAND-EST;Salade;G-E;1.31;125;101.3;Non mesure;140;23.61;5.2;169;190;7.5;10.13;370;13.65;OUI;11.2;198;3.89;0.198;#N/A
348-54303;348;54303;GRAND-EST;Salade;G-E;1.39;180;124.9;Non mesure;181;25.83;5.2;245;174;7.4;12.49;215;14.93;OUI;<8;196;1.86;0.196;#N/A
371-AQ-035;371;AQ-035;NOUVELLE-AQUITAINE;Ble;N-A;1.61;102;184.0;Non mesure;425;26.37;10.4;437;9;7.6;18.40;17;15.24;OUI;#N/A;43;#N/A;0.043;#N/A
370-AQ-037;370;AQ-037;NOUVELLE-AQUITAINE;Mais;N-A;3.22;53;243.0;5.0;387;51.64;53.0;211;52;7.9;24.30;244;29.85;OUI;#N/A;295;#N/A;0.295;#N/A
369-AQ-036;369;AQ-036;NOUVELLE-AQUITAINE;Mais;N-A;1.63;185;131.8;12.5;210;25.95;37.5;201;189;8.1;13.18;177;15.00;OUI;#N/A;184;#N/A;0.184;#N/A
354-AQ-034;354;AQ-034;NOUVELLE-AQUITAINE;Vigne;N-A;0.76;335;46.9;Non mesure;84;12.87;Non mesure;175;251;6.2;4.69;155;7.44;OUI;86.8;19;40.03;0.019;#N/A
349-AQ-033;349;AQ-033;NOUVELLE-AQUITAINE;Vigne;N-A;1.45;235;84.9;Non mesure;105;24.53;4.2;206;101;7.1;8.49;349;14.18;OUI;139.5;76;66.79;0.076;#N/A
057-BOURG-17-BH;57;BOURG-17-BH;BOURGOGNE-FRANCHE-COMTE;Ble;BFC;2.53;126;292.4;46.3;467;28.70;132.3;179;67;8.0;29.24;29;16.59;OUI;#N/A;26;#N/A;0.026;#N/A
183-BOURG-15-MA;183;BOURG-15-MA;BOURGOGNE-FRANCHE-COMTE;Mais;BFC;2.15;252;169.2;Non mesure;298;30.34;Non mesure;297;135;6.6;16.92;18;17.54;OUI;#N/A;23;#N/A;0.023;#N/A
210-BOURG-16-BH;210;BOURG-16-BH;BOURGOGNE-FRANCHE-COMTE;Ble;BFC;2.63;16;238.1;93.8;577;35.34;223.1;174;5;8.2;23.81;5;20.43;OUI;#N/A;54;#N/A;0.054;#N/A
056-BOURG-18-BH;56;BOURG-18-BH;BOURGOGNE-FRANCHE-COMTE;Ble;BFC;2.30;200;237.4;35.0;388;25.50;41.6;284;50;8.3;23.74;47;14.74;OUI;#N/A;25;#N/A;0.025;#N/A
489-BOURG-01-VI;489;BOURG-01-VI;BOURGOGNE-FRANCHE-COMTE;Vigne;BFC;1.68;63;129.5;98.8;327;28.89;388.3;117;27;8.4;12.95;78;16.70;OUI;30.9;90;7.85;0.090;#N/A
488-BOURG-02-VI;488;BOURG-02-VI;BOURGOGNE-FRANCHE-COMTE;Vigne;BFC;2.38;135;230.8;36.3;477;38.16;95.6;215;27;8.2;23.08;51;22.06;OUI;171.1;237;73.19;0.237;#N/A
329-BOURG-03-VI;329;BOURG-03-VI;BOURGOGNE-FRANCHE-COMTE;Vigne;BFC;2.64;72;227.7;51.3;484;34.70;198.5;190;14;8.3;22.77;42;20.06;OUI;197.0;162;44.06;0.162;#N/A
070-PCB5;70;PCB5;NOUVELLE-AQUITAINE;Ble;N-A;4.39;122;225.6;71.3;345;65.60;307.9;194;20;8.0;22.56;12;37.92;OUI;#N/A;210;#N/A;0.210;#N/A
507-PCB4;507;PCB4;NOUVELLE-AQUITAINE;Ble;N-A;2.21;359;124.8;Non mesure;314;34.32;8.3;219;42;7.0;12.48;57;19.84;OUI;#N/A;103;#N/A;0.103;#N/A
035-PCB11;35;PCB11;NOUVELLE-AQUITAINE;Ble;N-A;1.22;351;117.8;Non mesure;163;21.40;Non mesure;298;86;6.8;11.78;102;12.37;OUI;#N/A;36;#N/A;0.036;#N/A
085-PCM9;85;PCM9;NOUVELLE-AQUITAINE;Mais;N-A;3.66;54;244.0;100.0;482;48.99;286.1;156;9;8.2;24.40;14;28.32;OUI;#N/A;33;#N/A;0.033;#N/A
069-PCM7;69;PCM7;NOUVELLE-AQUITAINE;Mais;N-A;3.51;30;247.0;151.3;405;47.58;419.0;122;11;8.2;24.70;13;27.50;OUI;#N/A;50;#N/A;0.050;180.0
086-PCB3;86;PCB3;NOUVELLE-AQUITAINE;Ble;N-A;1.69;298;94.3;Non mesure;244;25.95;Non mesure;378;36;6.3;9.43;43;15.00;OUI;#N/A;37;#N/A;0.037;#N/A
011-PIC29;11;PIC 29;HAUTS-DE-FRANCE;Salade;HDF;1.61;426;143.0;Non mesure;217;21.38;11.4;219;104;8.0;14.30;23;12.36;OUI;31.7;195;9.06;0.195;#N/A
291-PIC30;291;PIC 30;HAUTS-DE-FRANCE;Salade;HDF;1.31;347;101.2;18.8;163;18.30;45.7;160;229;8.2;10.12;54;10.58;OUI;10.8;90;2.12;0.090;#N/A
008-PIC25;8;PIC 25;HAUTS-DE-FRANCE;Mais;HDF;1.08;349;73.5;11.3;93;16.78;37.3;109;373;7.9;7.35;39;9.70;OUI;#N/A;84;#N/A;0.084;#N/A
537-PIC32;537;PIC 32;HAUTS-DE-FRANCE;Ble;HDF;1.27;403;115.9;Non mesure;190;19.03;11.5;244;100;8.0;11.59;50;11.00;OUI;#N/A;49;#N/A;0.049;#N/A
038-PIC18;38;PIC 18;HAUTS-DE-FRANCE;Ble;HDF;1.26;334;112.9;Non mesure;175;19.08;14.6;229;213;8.1;11.29;35;11.03;OUI;#N/A;63;#N/A;0.063;#N/A
538-PIC33;538;PIC 33;HAUTS-DE-FRANCE;Ble;HDF;1.51;410;125.1;Non mesure;194;22.84;5.2;304;68;7.7;12.51;18;13.20;OUI;#N/A;48;#N/A;0.048;#N/A
430-PIC23;430;PIC 23;HAUTS-DE-FRANCE;Mais;HDF;1.44;450;139.4;Non mesure;226;21.82;15.6;210;87;7.9;13.94;11;12.61;OUI;#N/A;113;#N/A;0.113;#N/A
133-PIC26;133;PIC 26;HAUTS-DE-FRANCE;Mais;HDF;1.18;347;118.1;Non mesure;184;16.97;8.3;210;218;8.0;11.81;32;9.81;OUI;#N/A;68;#N/A;0.068;#N/A
433-PIC08;433;PIC 08;HAUTS-DE-FRANCE;Ble;HDF;1.06;511;83.8;Non mesure;121;16.30;4.2;186;163;7.6;8.38;15;9.42;OUI;#N/A;82;#N/A;0.082;#N/A
200-PIC19;200;PIC 19;HAUTS-DE-FRANCE;Ble;HDF;1.43;460;103.4;Non mesure;152;22.65;3.1;261;99;7.4;10.34;25;13.09;OUI;#N/A;181;#N/A;0.181;#N/A
337-PIC05;337;PIC 05;HAUTS-DE-FRANCE;Ble;HDF;1.62;412;137.7;Non mesure;200;23.79;17.7;266;77;8.0;13.77;28;13.75;OUI;#N/A;170;#N/A;0.170;#N/A
174-PIC31;174;PIC 31;HAUTS-DE-FRANCE;Ble;HDF;1.72;260;117.1;146.3;163;25.76;286.1;131;84;8.1;11.71;76;14.89;OUI;#N/A;81;#N/A;0.081;140.0
347-PIC02;347;PIC 02;HAUTS-DE-FRANCE;Ble;HDF;1.71;417;143.7;16.3;199;24.12;22.8;199;151;8.0;14.37;11;13.94;OUI;#N/A;45;#N/A;0.045;#N/A
341-PIC03;341;PIC 03;HAUTS-DE-FRANCE;Ble;HDF;1.45;467;114.2;Non mesure;160;20.47;10.4;245;105;7.9;11.42;12;11.83;OUI;#N/A;155;#N/A;0.155;#N/A
131-PIC17;131;PIC 17;HAUTS-DE-FRANCE;Ble;HDF;1.17;476;111.0;Non mesure;176;17.27;4.2;268;69;7.6;11.10;7;9.98;OUI;#N/A;76;#N/A;0.076;#N/A
091-PIC21;91;PIC 21;HAUTS-DE-FRANCE;Ble;HDF;1.39;499;93.8;Non mesure;130;20.55;Non mesure;298;67;6.8;9.38;6;11.88;OUI;#N/A;128;#N/A;0.128;#N/A
396-PIC16;396;PIC 16;HAUTS-DE-FRANCE;Ble;HDF;1.79;295;105.3;66.3;125;34.05;217.1;137;182;8.2;10.53;43;19.68;OUI;#N/A;62;#N/A;0.062;#N/A
373-PIC10;373;PIC 10;HAUTS-DE-FRANCE;Ble;HDF;1.17;475;91.8;Non mesure;119;16.83;6.3;218;174;7.8;9.18;6;9.73;OUI;#N/A;169;#N/A;0.169;#N/A
288-PIC11;288;PIC 11;HAUTS-DE-FRANCE;Ble;HDF;1.54;427;118.0;22.5;210;22.23;53.2;202;98;8.2;11.80;10;12.85;OUI;#N/A;93;#N/A;0.093;#N/A
287-PIC04;287;PIC 04;HAUTS-DE-FRANCE;Ble;HDF;1.67;188;111.0;167.5;188;23.94;425.3;98;64;8.3;11.10;36;13.84;OUI;#N/A;86;#N/A;0.086;250.0
559-PIC34;559;PIC 34;HAUTS-DE-FRANCE;Ble;HDF;1.09;453;119.7;Non mesure;211;15.52;4.2;265;60;7.5;11.97;7;8.97;OUI;#N/A;80;#N/A;0.080;#N/A
374-PIC22;374;PIC 22;HAUTS-DE-FRANCE;Mais;HDF;0.84;226;62.5;Non mesure;77;11.47;4.2;93;474;7.8;6.25;125;6.63;OUI;#N/A;151;#N/A;0.151;#N/A
290-PIC01;290;PIC 01;HAUTS-DE-FRANCE;Ble;HDF;0.92;227;42.1;15.0;69;11.35;29.1;100;364;7.8;4.21;211;6.56;OUI;#N/A;118;#N/A;0.118;#N/A
307-MAIAGU2;307;MAIAGU2;BRETAGNE;Mais;BRE;2.49;193;126.9;Non mesure;120;52.89;Non mesure;141;122;6.2;12.69;425;30.57;OUI;#N/A;168;#N/A;0.168;#N/A
546-MAITPO1;546;MAITPO1;BRETAGNE;Mais;BRE;2.33;214;109.0;Non mesure;227;35.81;Non mesure;373;69;5.7;10.90;117;20.70;OUI;#N/A;124;#N/A;0.124;#N/A
107-MAIJKE1;107;MAIJKE1;BRETAGNE;Mais;BRE;2.78;303;123.9;Non mesure;170;44.32;Non mesure;319;115;5.8;12.39;93;25.62;OUI;#N/A;116;#N/A;0.116;#N/A
199-BLEMLA2;199;BLEMLA2;BRETAGNE;Ble;BRE;1.72;167;115.1;Non mesure;145;23.79;6.2;309;91;7.4;11.51;281;13.75;OUI;#N/A;127;#N/A;0.127;#N/A
075-MAIAGU1;75;MAIAGU1;BRETAGNE;Mais;BRE;1.41;201;100.2;Non mesure;127;26.50;Non mesure;316;60;6.2;10.02;296;15.32;OUI;#N/A;87;#N/A;0.087;#N/A
217-BLEJKE1;217;BLEJKE1;BRETAGNE;Ble;BRE;2.59;279;117.8;17.5;215;43.28;93.0;214;96;8.3;11.78;103;25.02;OUI;#N/A;10;#N/A;0.010;#N/A
042-SALJPC1;42;SALJPC1;BRETAGNE;Salade;BRE;1.39;148;78.8;Non mesure;90;29.63;4.2;144;118;7.3;7.88;495;17.13;OUI;<8;147;1.81;0.147;#N/A
295-AUV15-1;295;AUV15-1;AUVERGNE-RHONE-ALPES;Ble;ARA;3.62;119;154.1;Non mesure;197;67.05;Non mesure;201;217;6.4;15.41;265;38.76;OUI;#N/A;62;#N/A;0.062;#N/A
486-AUV15-4;486;AUV15-4;AUVERGNE-RHONE-ALPES;Ble;ARA;4.78;114;178.0;Non mesure;295;76.86;Non mesure;311;118;6.8;17.80;162;44.43;OUI;#N/A;58;#N/A;0.058;#N/A
296-AUV15-2;296;AUV15-2;AUVERGNE-RHONE-ALPES;Ble;ARA;1.71;73;119.2;Non mesure;137;36.31;Non mesure;187;127;6.2;11.92;476;20.99;OUI;#N/A;118;#N/A;0.118;#N/A
265-AUV15-3;265;AUV15-3;AUVERGNE-RHONE-ALPES;Ble;ARA;2.64;149;113.8;Non mesure;143;51.99;Non mesure;206;267;6.1;11.38;234;30.05;OUI;#N/A;69;#N/A;0.069;#N/A
391-59252MAR;391;59252MAR;HAUTS-DE-FRANCE;Ble;HDF;1.39;479;115.3;Non mesure;173;19.74;5.2;266;71;7.8;11.53;6;11.41;OUI;#N/A;150;#N/A;0.150;#N/A
386-62220CAR;386;62220CAR;HAUTS-DE-FRANCE;Ble;HDF;1.64;423;154.9;Non mesure;222;22.56;3.1;236;101;7.7;15.49;15;13.04;OUI;#N/A;196;#N/A;0.196;#N/A
407-59550LAN;407;59550LAN;HAUTS-DE-FRANCE;Mais;HDF;1.97;518;111.1;Non mesure;147;29.55;5.2;272;46;7.2;11.11;12;17.08;OUI;#N/A;44;#N/A;0.044;#N/A
410-59270BAI;410;59270BAI;HAUTS-DE-FRANCE;Ble;HDF;1.37;532;102.4;Non mesure;142;18.68;3.1;200;104;7.6;10.24;19;10.80;OUI;#N/A;195;#N/A;0.195;#N/A
400-62370NOR;400;62370NOR;HAUTS-DE-FRANCE;Ble;HDF;1.15;545;78.7;Non mesure;101;16.52;Non mesure;260;87;5.4;7.87;7;9.55;OUI;#N/A;57;#N/A;0.057;#N/A
406-59244CAR;406;59244CAR;HAUTS-DE-FRANCE;Mais;HDF;1.98;542;125.7;Non mesure;164;26.09;4.2;242;34;7.5;12.57;14;15.08;OUI;#N/A;138;#N/A;0.138;#N/A
389-62185NIE;389;62185NIE;HAUTS-DE-FRANCE;Ble;HDF;1.26;557;85.0;Non mesure;113;17.61;3.1;233;86;7.2;8.50;7;10.18;OUI;#N/A;70;#N/A;0.070;#N/A
428-62217NEU;428;62217NEU;HAUTS-DE-FRANCE;Ble;HDF;1.47;441;115.3;Non mesure;176;21.19;18.8;309;49;8.1;11.53;6;12.25;OUI;#N/A;173;#N/A;0.173;#N/A
408-59890QUE;408;59890QUE;HAUTS-DE-FRANCE;Salade;HDF;1.70;302;102.3;Non mesure;105;29.41;5.2;91;459;7.4;10.23;38;17.00;OUI;23.5;346;12.87;0.346;#N/A
390-59249FRO;390;59249FRO;HAUTS-DE-FRANCE;Ble;HDF;1.43;351;152.9;Non mesure;234;19.65;3.1;235;127;7.6;15.29;49;11.36;OUI;#N/A;88;#N/A;0.088;#N/A
409-59237VER;409;59237VER;HAUTS-DE-FRANCE;Salade;HDF;1.63;522;116.7;Non mesure;160;23.25;Non mesure;184;115;6.1;11.67;19;13.44;OUI;33.2;152;8.53;0.152;#N/A
399-59550PRI;399;59550PRI;HAUTS-DE-FRANCE;Mais;HDF;2.22;448;102.0;Non mesure;146;31.97;6.2;339;46;7.5;10.20;15;18.48;OUI;#N/A;19;#N/A;0.019;#N/A
417-59127ESN;417;59127ESN;HAUTS-DE-FRANCE;Ble;HDF;1.03;518;97.6;Non mesure;160;13.72;3.1;243;60;7.6;9.76;16;7.93;OUI;#N/A;166;#N/A;0.166;#N/A
397-62138HAI;397;62138HAI;HAUTS-DE-FRANCE;Salade;HDF;1.26;477;124.0;Non mesure;189;18.01;16.6;219;91;8.2;12.40;7;10.41;OUI;21.9;22;5.30;0.022;#N/A
191-BLEBNE1;191;BLEBNE1;BRETAGNE;Ble;BRE;3.36;206;133.9;Non mesure;194;52.71;Non mesure;223;277;5.4;13.39;100;30.47;OUI;#N/A;95;#N/A;0.095;#N/A
388-AUV43-3;388;AUV43-3;AUVERGNE-RHONE-ALPES;Ble;ARA;1.85;145;156.6;Non mesure;146;33.63;3.1;358;137;7.1;15.66;211;19.44;OUI;#N/A;177;#N/A;0.177;#N/A
387-AUV43-1;387;AUV43-1;AUVERGNE-RHONE-ALPES;Ble;ARA;2.61;112;169.8;Non mesure;209;41.95;Non mesure;397;121;6.2;16.98;161;24.25;OUI;#N/A;68;#N/A;0.068;#N/A
394-AUV43-4;394;AUV43-4;AUVERGNE-RHONE-ALPES;Mais;ARA;2.47;126;181.0;Non mesure;262;39.86;3.1;307;121;7.1;18.10;181;23.04;OUI;#N/A;114;#N/A;0.114;#N/A
393-AUV43-2;393;AUV43-2;AUVERGNE-RHONE-ALPES;Ble;ARA;2.42;94;175.4;Non mesure;197;43.80;2.1;322;97;6.9;17.54;288;25.32;OUI;#N/A;74;#N/A;0.074;#N/A
240-AUV63-1;240;AUV63-1;AUVERGNE-RHONE-ALPES;Ble;ARA;2.03;74;279.1;Non mesure;377;24.65;Non mesure;190;84;6.7;27.91;275;14.25;OUI;#N/A;62;#N/A;0.062;#N/A
168-AUV63-4;168;AUV63-4;AUVERGNE-RHONE-ALPES;Mais;ARA;2.41;81;207.8;Non mesure;362;32.56;3.1;195;138;7.1;20.78;221;18.82;OUI;#N/A;26;#N/A;0.026;#N/A
254-AUV63-3;254;AUV63-3;AUVERGNE-RHONE-ALPES;Ble;ARA;2.2;62;242.2;57.5;503;34.43;166.6;155;49;8.4;24.22;63;19.90;OUI;#N/A;86;#N/A;0.086;#N/A
171-AUV63-2;171;AUV63-2;AUVERGNE-RHONE-ALPES;Mais;ARA;2.66;36;270.3;100;539;22.18;100;127;36;8.3;27.03;90;12.82;OUI;#N/A;17;#N/A;0.017;#N/A
034-PCV4;34;PCV4;NOUVELLE-AQUITAINE;Vigne;N-A;0.80;177;55.8;Non mesure;92;14.22;4.2;180;64;7.5;5.58;482;8.22;OUI;124.6;145;70.12;0.145;#N/A
088-PCV6;88;PCV6;NOUVELLE-AQUITAINE;Vigne;N-A;1.61;95;278.3;Non mesure;562;19.06;12.5;293;23;8.2;27.83;15;11.02;OUI;306.0;29;77.82;0.029;#N/A
010-PCB9;10;PCB9;NOUVELLE-AQUITAINE;Ble;N-A;1.53;257;97.6;Non mesure;133;25.55;3.1;299;74;7.5;9.76;234;14.77;OUI;#N/A;63;#N/A;0.063;#N/A
012-PCB10;12;PCB10;NOUVELLE-AQUITAINE;Ble;N-A;1.35;217;93.0;Non mesure;147;23.70;2.1;232;80;7.2;9.30;322;13.70;OUI;#N/A;54;#N/A;0.054;#N/A
172-MP-GASC-AD-M3;172;MP_GASC_AD_M3;OCCITANIE;Mais;OCC;1.52;146;76.2;Non mesure;239;23.25;Non mesure;390;127;6.3;7.62;99;13.44;OUI;#N/A;51;#N/A;0.051;#N/A
NOUVELLE-MP-GASC-AD-M9;Nouvelle;MP_GASC_AD_M9;OCCITANIE;Mais;OCC;1.15;289;44.4;Non mesure;116;16.95;Non mesure;323;163;5.4;4.44;109;9.80;OUI;#N/A;64;#N/A;0.064;#N/A
153-MP-GASC-AD-M6;153;MP_GASC_AD_M6;OCCITANIE;Mais;OCC;0.89;275;35.0;Non mesure;103;17.51;Non mesure;290;290;5.6;3.50;41;10.12;OUI;#N/A;77;#N/A;0.077;#N/A
442-MP-GASC-AD-M8;442;MP_GASC_AD_M8;OCCITANIE;Mais;OCC;0.76;222;43.3;Non mesure;110;10.50;2.1;209;408;7.5;4.33;50;6.07;OUI;#N/A;49;#N/A;0.049;#N/A
323-MP-GASC-AD-M1;323;MP_GASC_AD_M1;OCCITANIE;Mais;OCC;1.43;201;70.0;Non mesure;171;23.29;Non mesure;305;137;6.0;7.00;186;13.46;OUI;#N/A;39;#N/A;0.039;#N/A
249-MP-GASC-AD-M5;249;MP_GASC_AD_M5;OCCITANIE;Mais;OCC;0.81;312;35.2;Non mesure;85;11.14;Non mesure;307;191;5.8;3.52;105;6.44;OUI;#N/A;48;#N/A;0.048;#N/A
089-MP-GASC-AD-V2;89;MP_GASC_AD_V2;OCCITANIE;Vigne;OCC;1.39;278;67.0;Non mesure;140;22.21;Non mesure;302;218;6.3;6.70;63;12.84;OUI;24.0;51;10.30;0.051;#N/A
322-MP-GASC-AD-V1;322;MP_GASC_AD_V1;OCCITANIE;Vigne;OCC;1.53;98;190.9;46.3;428;21.02;196.1;169;60;8.3;19.09;48;12.15;OUI;41.3;62;6.65;0.062;#N/A
485-MP-GASC-AD-V3;485;MP_GASC_AD_V3;OCCITANIE;Vigne;OCC;2.10;118;268.6;41.3;497;25.92;103.1;233;32;8.1;26.86;16;14.98;OUI;25.5;10;1.79;0.010;#N/A
269-RA-M06;269;RA_M06;AUVERGNE-RHONE-ALPES;Mais;ARA;1.31;355;75.6;Non mesure;100;20.69;Non mesure;233;196;6.7;7.56;116;11.96;OUI;#N/A;48;#N/A;0.048;#N/A
555-RA-M13;555;RA_M13;AUVERGNE-RHONE-ALPES;Mais;ARA;1.09;197;65.9;Non mesure;114;16.47;Non mesure;189;278;5.3;6.59;222;9.52;OUI;#N/A;16;#N/A;0.016;#N/A
060-RA-M07;60;RA_M07;AUVERGNE-RHONE-ALPES;Mais;ARA;1.78;141;122.2;Non mesure;195;25.36;Non mesure;288;117;6.4;12.22;259;14.66;OUI;#N/A;142;#N/A;0.142;#N/A
276-RA-M05;276;RA_M05;AUVERGNE-RHONE-ALPES;Mais;ARA;3.45;135;189.6;17.5;336;51.40;25.0;439;39;7.8;18.96;26;29.71;OUI;#N/A;45;#N/A;0.045;#N/A
467-RA-M08;467;RA_M08;AUVERGNE-RHONE-ALPES;Mais;ARA;2.44;140;93.9;Non mesure;125;40.85;Non mesure;257;150;5.8;9.39;327;23.61;OUI;#N/A;51;#N/A;0.051;#N/A
050-RA-V09;50;RA_V09;AUVERGNE-RHONE-ALPES;Vigne;ARA;1.44;78;96.9;Non mesure;101;14.03;Non mesure;107;157;5.2;9.69;556;8.11;OUI;#N/A;89;#N/A;0.089;#N/A
463-RA-M10;463;RA_M10;AUVERGNE-RHONE-ALPES;Mais;ARA;1.61;188;87.8;Non mesure;115;25.48;Non mesure;204;199;6.4;8.78;294;14.73;OUI;42.0;116;15.31;0.116;#N/A
275-RA-V05;275;RA_V05;AUVERGNE-RHONE-ALPES;Vigne;ARA;2.90;144;190.1;31.3;292;44.20;124.7;160;132;8.0;19.01;148;25.55;OUI;85.7;41;23.49;0.041;#N/A
260-RA-V11;260;RA_V11;AUVERGNE-RHONE-ALPES;Vigne;ARA;1.05;35;136.2;135.0;364;12.75;381.2;178;20;8.3;13.62;22;7.37;OUI;39.3;20;9.27;0.020;200.0
268-RA-V12;268;RA_V12;AUVERGNE-RHONE-ALPES;Vigne;ARA;2.64;30;190.5;110.0;358;43.49;376.3;138;14;8.0;19.05;84;25.14;OUI;307.7;74;107.11;0.074;376.3
051-RA-V04;51;RA_V04;AUVERGNE-RHONE-ALPES;Vigne;ARA;1.96;118;109.2;45.0;201;30.67;193.4;140;213;8.1;10.92;135;17.73;OUI;69.7;11;23.85;0.011;#N/A
273-RA-V06;273;RA_V06;AUVERGNE-RHONE-ALPES;Vigne;ARA;1.98;135;113.1;18.8;167;29.67;106.3;159;318;8.1;11.31;115;17.15;OUI;92.9;30;33.62;0.030;#N/A
187-RA-V07;187;RA_V07;AUVERGNE-RHONE-ALPES;Vigne;ARA;1.38;73;#N/A;Non mesure;55;18.22;Non mesure;86;169;6.7;7.74;617;10.53;OUI;9.9;23;30.64;0.023;#N/A
186-RA-V08;186;RA_V08;AUVERGNE-RHONE-ALPES;Vigne;ARA;1.55;102;100.1;10.0;162;22.20;31.1;123;173;8.1;10.01;409;12.83;OUI;117.2;79;54.45;0.079;#N/A
208-RA-V01;208;RA_V01;AUVERGNE-RHONE-ALPES;Vigne;ARA;1.80;80;234.8;Non mesure;505;24.41;Non mesure;200;99;6.8;23.48;117;14.11;OUI;287.5;216;111.52;0.216;#N/A
055-RA-S01;55;RA_S01;AUVERGNE-RHONE-ALPES;Salade;ARA;1.55;87;83.5;Non mesure;86;24.77;3.1;102;324;7.4;8.35;398;14.32;OUI;85.7;145;37.81;0.145;#N/A
259-RA-V10;259;RA_V10;AUVERGNE-RHONE-ALPES;Vigne;ARA;2.48;72;189.0;68.8;368;40.93;291.7;116;63;8.1;18.90;89;23.66;OUI;95.1;96;35.57;0.096;#N/A
256-RA-V13;256;RA_V13;AUVERGNE-RHONE-ALPES;Vigne;ARA;1.05;125;77.2;Non mesure;112;17.27;Non mesure;117;217;6.1;7.72;429;9.98;OUI;206.3;35;81.92;0.035;#N/A
464-RA-S04;464;RA_S04;AUVERGNE-RHONE-ALPES;Salade;ARA;0.93;471;60.1;Non mesure;107;14.84;Non mesure;231;165;6.2;6.01;26;8.58;OUI;10.3;126;2.39;0.126;#N/A
277-RA-S02;277;RA_S02;AUVERGNE-RHONE-ALPES;Salade;ARA;0.99;249;46.7;Non mesure;73;13.63;4.2;99;472;7.5;4.67;103;7.88;OUI;16.1;121;6.04;0.121;#N/A
267-RA-V02;267;RA_V02;AUVERGNE-RHONE-ALPES;Vigne;ARA;0.97;129;172.5;Non mesure;240;16.54;5.2;183;144;7.5;17.25;298;9.56;OUI;76.7;44;24.45;0.044;#N/A
270-RA-M12;270;RA_M12;AUVERGNE-RHONE-ALPES;Mais;ARA;0.92;101;89.3;77.5;161;13.72;376.3;85;174;8.3;8.93;103;7.93;OUI;#N/A;48;#N/A;0.048;#N/A
278-RA-M09;278;RA_M09;AUVERGNE-RHONE-ALPES;Mais;ARA;2.30;85;134.0;76.3;184;36.31;347.3;146;97;7.8;13.40;141;20.99;OUI;#N/A;191;#N/A;0.191;#N/A
266-RA-B02;266;RA_B02;AUVERGNE-RHONE-ALPES;Ble;ARA;0.90;425;81.8;Non mesure;159;14.10;Non mesure;180;213;6.3;8.18;23;8.15;OUI;#N/A;72;#N/A;0.072;#N/A
062-RA-M02;62;RA_M02;AUVERGNE-RHONE-ALPES;Mais;ARA;1.23;121;83.7;Non mesure;151;20.34;5.2;162;126;7.8;8.37;435;11.76;OUI;#N/A;70;#N/A;0.070;#N/A
007-RA-B01;7;RA_B01;AUVERGNE-RHONE-ALPES;Ble;ARA;1.70;316;127.3;Non mesure;203;27.11;5.2;151;260;7.7;12.73;64;15.67;OUI;#N/A;126;#N/A;0.126;#N/A
052-RA-B03;52;RA_B03;AUVERGNE-RHONE-ALPES;Ble;ARA;1.64;319;114.2;Non mesure;180;25.24;4.2;189;200;7.3;11.42;109;14.59;OUI;#N/A;264;#N/A;0.264;#N/A
061-RA-M01;61;RA_M01;AUVERGNE-RHONE-ALPES;Mais;ARA;3.48;157;174.4;30.0;257;58.99;196.6;156;104;7.9;17.44;129;34.10;OUI;#N/A;96;#N/A;0.096;#N/A
258-RA-M04;258;RA_M04;AUVERGNE-RHONE-ALPES;Mais;ARA;0.98;334;55.5;Non mesure;91;17.91;Non mesure;202;222;6.4;5.55;152;10.35;OUI;#N/A;70;#N/A;0.070;#N/A
274-RA-M03;274;RA_M03;AUVERGNE-RHONE-ALPES;Mais;ARA;1.40;90;76.6;76.3;144;23.58;301.4;152;161;8.3;7.66;151;13.63;OUI;#N/A;19;#N/A;0.019;#N/A
